Vendor,Vendor Number,Date,Part Number,Quantity,Description,Price,Total
A.L. SCHUTZMAN,2924,2018-11-30,50-0140,235,UNREPAIRED 48 X 40 CORES,$2,$470
A.L. SCHUTZMAN,2924,2018-11-30,SCRAP-ONLY,47,SCRAP-ONLY,$0,$0
A.L. SCHUTZMAN,2924,2018-11-30,50-0066,0,REPAIRED 48 X 40 BLOCK PALLET,$0,$0
A.L. SCHUTZMAN,2924,2018-11-30,CHEP,2,CHEP,$0,$0
A.L. SCHUTZMAN,2924,2018-11-30,PECO,1,PECO,$0,$0
A.L. SCHUTZMAN,2924,2018-12-05,50-0140,110,UNREPAIRED 48 X 40 CORES,$2,$220
A.L. SCHUTZMAN,2924,2018-12-05,CHEP,19,CHEP,$0,$0
A.L. SCHUTZMAN,2924,2018-12-05,SCRAP-ONLY,30,SCRAP-ONLY (GL5327-2001),$0,$0
A.L. SCHUTZMAN,2924,2018-12-12,50-0140,187,UNREPAIRED 48 X 40 CORES,$2,$374
A.L. SCHUTZMAN,2924,2018-12-12,SCRAP-ONLY,33,SCRAP-ONLY (GL5327-2001),$0,$0
A.L. SCHUTZMAN,2924,2018-12-19,SCRAP-ONLY,34,SCRAP-ONLY (GL5327-2001),$0,$0
A.L. SCHUTZMAN,2924,2018-12-19,50-0140,185,UNREPAIRED 48 X 40 CORES,$2,$370
A.L. SCHUTZMAN,2924,2019-01-07,50-0140,119,UNREPAIRED 48 X 40 CORES,$2,$238
A.L. SCHUTZMAN,2924,2019-01-07,SCRAP-ONLY,11,SCRAP-ONLY (GL5327-2001),$0,$0
A.L. SCHUTZMAN,2924,2019-01-07,CHEP,1,CHEP,$0,$0
A.L. SCHUTZMAN,2924,2019-01-14,50-0140,394,UNREPAIRED 48 X 40 CORES,$2,$788
A.L. SCHUTZMAN,2924,2019-01-14,SCRAP-ONLY,45,SCRAP-ONLY (GL5327-2001),$0,$0
A.L. SCHUTZMAN,2924,2019-01-25,SCRAP-ONLY,12,SCRAP-ONLY (GL5327-2001),$0,$0
A.L. SCHUTZMAN,2924,2019-02-04,50-0140,54,UNREPAIRED 48 X 40 CORES,$2,$108
A.L. SCHUTZMAN,2924,2019-02-04,SCRAP-ONLY,12,SCRAP-ONLY (GL5327-2001),$0,$0
A.L. SCHUTZMAN,2924,2019-02-08,SCRAP-ONLY,30,SCRAP-ONLY (GL5327-2001),$0,$0
A.L. SCHUTZMAN,2924,2019-02-08,50-0140,338,UNREPAIRED 48 X 40 CORES,$2,$676
A.L. SCHUTZMAN,2924,2019-02-08,PECO,1,PECO,$0,$0
ALTO SHAAM ,0,2018-11-28,SCRAP-ONLY,21,SCRAP-ONLY,$0,$0
ALTO SHAAM ,0,2018-11-28,50-0140,40,UNREPAIRED 48 X 40 CORES,$0,$0
ALTO SHAAM,0,2018-12-05,50-0140,48,UNREPAIRED 48 X 40 CORES,$0,$0
ALTO SHAAM,0,2018-12-05,50-0221,8,REPAIRED 47.25 X 31.25 EURO (BLK STYLE PALLET),$0,$0
ALTO SHAAM,0,2018-12-05,SCRAP-ONLY,19,SCRAP-ONLY (GL5327-2001),$0,$0
ALTO SHAAM,0,2018-12-05,50-0407,9,REPAIRED 47.25 X 39.37 EURO (BLOCK PALLET),$0,$0
ALTO SHAAM ,0,2018-12-12,50-0140,40,UNREPAIRED 48 X 40 CORES,$0,$0
ALTO SHAAM ,0,2018-12-12,SCRAP-ONLY,19,SCRAP-ONLY (GL5327-2001),$0,$0
ALTO SHAAM ,0,2018-12-20,50-0140,46,UNREPAIRED 48 X 40 CORES,$0,$0
ALTO SHAAM ,0,2018-12-20,SCRAP-ONLY,24,SCRAP-ONLY (GL5327-2001),$0,$0
ALTO SHAAM ,0,2018-12-28,50-0140,52,UNREPAIRED 48 X 40 CORES,$0,$0
ALTO SHAAM ,0,2018-12-28,SCRAP-ONLY,42,SCRAP-ONLY (GL5327-2001),$0,$0
ALTO SHAAM ,0,2018-12-28,50-0407,8,REPAIRED 47.25 X 39.37 EURO (BLOCK PALLET),$0,$0
ALTO SHAAM ,0,2019-01-09,50-0140,19,UNREPAIRED 48 X 40 CORES,$0,$0
ALTO SHAAM ,0,2019-01-09,SCRAP-ONLY,17,SCRAP-ONLY (GL5327-2001),$0,$0
ALTO SHAAM ,0,2019-01-15,50-0140,74,UNREPAIRED 48 X 40 CORES,$0,$0
ALTO SHAAM ,0,2019-01-15,SCRAP-ONLY,53,SCRAP-ONLY (GL5327-2001),$0,$0
ALTO SHAAM ,0,2019-01-15,CHEP,5,CHEP,$0,$0
ALTO SHAAM ,0,2019-01-15,50-0407,14,REPAIRED 47.25 X 39.37 EURO (BLOCK PALLET),$0,$0
ALTO SHAAM ,0,2019-01-17,SCRAP-DENAIL,22,SCRAP-DENAIL (GL5327-2001),$0,$0
ALTO SHAAM ,0,2019-01-23,50-0140,44,UNREPAIRED 48 X 40 CORES,$0,$0
ALTO SHAAM ,0,2019-01-23,SCRAP-ONLY,6,SCRAP-ONLY (GL5327-2001),$0,$0
ALTO SHAAM ,0,2019-02-06,50-0140,23,UNREPAIRED 48 X 40 CORES,$0,$0
ALTO SHAAM ,0,2019-02-06,SCRAP-ONLY,32,SCRAP-ONLY (GL5327-2001),$0,$0
ALTO SHAAM ,0,2019-02-06,50-0408,7,REPAIRED 47.25 X 31.25 EURO (BLK STYLE PALLET - CP2),$0,$0
ANIMART INC,1578,2018-12-05,50-0140,127,UNREPAIRED 48 X 40 CORES,$1.25,$158.75
ANIMART INC,1578,2018-12-05,SCRAP-ONLY,89,SCRAP-ONLY (GL5327-2001),$0,$0
ANIMART INC,1578,2019-02-07,50-0140,149,UNREPAIRED 48 X 40 CORES,$1.25,$186.25
ANIMART INC,1578,2019-02-07,SCRAP-ONLY,86,SCRAP-ONLY (GL5327-2001),$0,$0
BADGER LIQUOR,1740,2018-11-30,50-0140,152,UNREPAIRED 48 X 40 CORES,$1.5,$228
BADGER LIQUOR,1740,2018-11-30,50-0066,72,REPAIRED 48 X 40 BLOCK PALLET,$1.5,$108
BADGER LIQUOR,1740,2018-11-30,SCRAP-ONLY,13,SCRAP-ONLY (GL5327-2001),$0,$0
BADGER LIQUOR,1740,2018-11-30,50-0140,240,UNREPAIRED 48 X 40 CORES,$3.75,$900
BADGER LIQUOR,1740,2018-11-30,50-0140,479,UNREPAIRED 48 X 40 CORES,$1.5,$718.5
BADGER LIQUOR,1740,2018-11-30,SCRAP-ONLY,74,SCRAP-ONLY (GL5327-2001),$0,$0
BADGER LIQUOR,1740,2018-12-12,50-0140,357,UNREPAIRED 48 X 40 CORES,$1.5,$535.5
BADGER LIQUOR,1740,2018-12-12,SCRAP-ONLY,52,SCRAP-ONLY (GL5327-2001),$0,$0
BADGER LIQUOR,1740,2018-12-12,50-0140,80,UNREPAIRED 48 X 40 CORES,$3.75,$300
BADGER LIQUOR,1740,2019-01-02,50-0140,461,UNREPAIRED 48 X 40 CORES,$1.5,$691.5
BADGER LIQUOR,1740,2019-01-02,SCRAP-ONLY,13,SCRAP-ONLY (GL5327-2001),$0,$0
BADGER LIQUOR,1740,2019-01-07,50-0066,25,REPAIRED 48 X 40 BLOCK PALLET,$1.5,$37.5
BADGER LIQUOR,1740,2019-01-07,SCRAP-ONLY,55,SCRAP-ONLY (GL5327-2001),$0,$0
BADGER LIQUOR,1740,2019-01-07,50-0140,392,UNREPAIRED 48 X 40 CORES,$1.5,$588
BADGER LIQUOR,1740,2019-01-07,CHEP,1,CHEP,$0,$0
BADGER LIQUOR,1740,2019-01-11,50-0066,64,REPAIRED 48 X 40 BLOCK PALLET,$1.5,$96
BADGER LIQUOR,1740,2019-01-11,SCRAP-ONLY,85,SCRAP-ONLY (GL5327-2001),$0,$0
BADGER LIQUOR,1740,2019-01-11,50-0140,347,UNREPAIRED 48 X 40 CORES,$1.5,$520.5
BADGER LIQUOR,1740,2019-01-23,50-0140,418,UNREPAIRED 48 X 40 CORES,$1.5,$627
BADGER LIQUOR,1740,2019-01-23,50-0066,48,REPAIRED 48 X 40 BLOCK PALLET,$1.5,$72
BADGER LIQUOR,1740,2019-01-23,SCRAP-ONLY,20,SCRAP-ONLY (GL5327-2001),$0,$0
BADGER LIQUOR,1740,2019-01-31,50-0140,200,UNREPAIRED 48 X 40 CORES,$1.5,$300
BADGER LIQUOR,1740,2019-01-31,50-0066,36,REPAIRED 48 X 40 BLOCK PALLET,$1.5,$54
BADGER LIQUOR,1740,2019-01-31,50-0140,240,UNREPAIRED 48 X 40 CORES,$3.75,$900
BADGER LIQUOR,1740,2019-02-07,50-0140,283,UNREPAIRED 48 X 40 CORES,$1.5,$424.5
BADGER LIQUOR,1740,2019-02-07,SCRAP-ONLY,50,SCRAP-ONLY (GL5327-2001),$0,$0
BADGER LIQUOR,1740,2019-02-07,50-0066,6,REPAIRED 48 X 40 BLOCK PALLET,$1.5,$9
BADGER LIQUOR,1740,2019-02-07,50-0140,140,UNREPAIRED 48 X 40 CORES,$3.75,$525
BADGERLAND PALLET,11710,2018-12-05,50-0101,306,REPAIRED 32 X 32 2/WAY FLUSH,$3,$918
BAUTISTA PALLETS,12095,2018-11-29,50-0226,20,REPAIRED 36 X 36 2/WAY FLUSH,$2.5,$50
BAUTISTA PALLETS,12095,2018-11-29,50-0019,20,REPAIRED 42 X 42,$3.5,$70
BAUTISTA PALLETS,12095,2018-11-29,50-0004,40,REPAIRED 48 X 40 4/WAY FLUSH (GRADE B - PLUGGED),$4,$160
BAUTISTA PALLETS,12095,2018-11-29,50-0001,40,REPAIRED 48 X 40 4/WAY FLUSH (GRADE A),$5,$200
BAUTISTA PALLETS,12095,2018-11-29,55-6787,20,REMAN 44 X 44 2/WAY FLUSH,$4.5,$90
BAUTISTA PALLETS,12095,2018-11-29,69-0084,20,REMAN 42 X 42,$4.5,$90
BAUTISTA PALLETS,12095,2018-11-29,DEDUCTION,1,BOX OF NAILS,$41,$41
BAUTISTA PALLETS,12095,2018-12-20,50-0225,120,REPAIRED 24 X 24,$2.65,$318
BAUTISTA PALLETS,12095,2018-12-20,50-0001,17,REPAIRED 48 X 40 4/WAY FLUSH (GRADE A),$5,$85
BAUTISTA PALLETS,12095,2018-12-20,50-0004,6,REPAIRED 48 X 40 4/WAY FLUSH (GRADE B - PLUGGED),$4,$24
BAUTISTA PALLETS,12095,2018-12-20,50-0019,7,REPAIRED 42 X 42,$3.5,$24.5
BEECHWOOD SALES & SERVICE INC,1287,2018-11-30,50-0140,460,UNREPAIRED 48 X 40 CORES,$2,$920
BEECHWOOD SALES & SERVICE INC,1287,2018-11-30,SCRAP-ONLY,94,SCRAP-ONLY (GL5327-2001),$0,$0
BEECHWOOD SALES & SERVICE INC,1287,2019-01-09,50-0140,370,UNREPAIRED 48 X 40 CORES,$2,$740
BEECHWOOD SALES & SERVICE INC,1287,2019-01-09,SCRAP-ONLY,207,SCRAP-ONLY (GL5327-2001),$0,$0
BREAKTHRU BEVERAGE,11786,2018-11-30,50-0140,455,UNREPAIRED 48 X 40 CORES,$1.5,$682.5
BREAKTHRU BEVERAGE,11786,2018-11-30,SCRAP-ONLY,38,SCRAP-ONLY (GL5327-2001),$0,$0
BREAKTHRU BEVERAGE,11786,2018-12-07,50-0140,359,UNREPAIRED 48 X 40 CORES,$1.5,$538.5
BREAKTHRU BEVERAGE,11786,2018-12-07,SCRAP-ONLY,36,SCRAP-ONLY (GL5327-2001),$0,$0
BREAKTHRU BEVERAGE,11786,2018-12-07,SCRAP-BURN,1,SCRAP-BURN,$0,$0
BREAKTHRU BEVERAGE,11786,2018-12-14,50-0140,398,UNREPAIRED 48 X 40 CORES,$1.5,$597
BREAKTHRU BEVERAGE,11786,2018-12-14,SCRAP-ONLY,26,SCRAP-ONLY (GL5327-2001),$0,$0
BREAKTHRU BEVERAGE,11786,2018-12-21,50-0140,363,UNREPAIRED 48 X 40 CORES,$1.5,$544.5
BREAKTHRU BEVERAGE,11786,2018-12-21,SCRAP-ONLY,33,SCRAP-ONLY (GL5327-2001),$0,$0
BREAKTHRU BEVERAGE,11786,2019-01-02,50-0140,498,UNREPAIRED 48 X 40 CORES,$1.5,$747
BREAKTHRU BEVERAGE,11786,2019-01-02,SCRAP-ONLY,22,SCRAP-ONLY (GL5327-2001),$0,$0
BREAKTHRU BEVERAGE,11786,2019-01-09,50-0140,418,UNREPAIRED 48 X 40 CORES,$1.5,$627
BREAKTHRU BEVERAGE,11786,2019-01-09,SCRAP-ONLY,33,SCRAP-ONLY (GL5327-2001),$0,$0
BREAKTHRU BEVERAGE,11786,2019-01-11,50-0140,468,UNREPAIRED 48 X 40 CORES,$1.5,$702
BREAKTHRU BEVERAGE,11786,2019-01-11,SCRAP-ONLY,25,SCRAP-ONLY (GL5327-2001),$0,$0
BREAKTHRU BEVERAGE,11786,2019-01-20,50-0140,405,UNREPAIRED 48 X 40 CORES,$1.5,$607.5
BREAKTHRU BEVERAGE,11786,2019-01-20,SCRAP-ONLY,21,SCRAP-ONLY (GL5327-2001),$0,$0
BREAKTHRU BEVERAGE,11786,2019-01-25,50-0140,395,UNREPAIRED 48 X 40 CORES,$1.5,$592.5
BREAKTHRU BEVERAGE,11786,2019-01-25,SCRAP-ONLY,35,SCRAP-ONLY (GL5327-2001),$0,$0
CABELAS,2346,2019-01-31,50-0140,368,UNREPAIRED 48 X 40 CORES,$1.5,$552
CABELAS,2346,2019-01-31,SCRAP-ONLY,38,SCRAP-ONLY (GL5327-2001),$0,$0
CAPITAL-HUSTING COMPANY INC,1426,2018-11-28,50-0140,354,UNREPAIRED 48 X 40 CORES,$1.25,$442.5
CAPITAL-HUSTING COMPANY INC,1426,2018-11-28,SCRAP-ONLY,67,SCRAP-ONLY,$0,$0
CAPITAL-HUSTING COMPANY INC,1426,2018-12-12,50-0140,369,UNREPAIRED 48 X 40 CORES,$1.25,$461.25
CAPITAL-HUSTING COMPANY INC,1426,2018-12-12,SCRAP-ONLY,106,SCRAP-ONLY (GL5327-2001),$0,$0
CAPITAL-HUSTING COMPANY INC,1426,2019-01-03,50-0140,317,UNREPAIRED 48 X 40 CORES,$1.25,$396.25
CAPITAL-HUSTING COMPANY INC,1426,2019-01-03,SCRAP-ONLY,55,SCRAP-ONLY (GL5327-2001),$0,$0
CAPITAL-HUSTING COMPANY INC,1426,2019-01-03,SCRAP-BURN,2,SCRAP-BURN,$0,$0
CAPITAL-HUSTING COMPANY INC,1426,2019-01-20,50-0140,473,UNREPAIRED 48 X 40 CORES,$1.25,$591.25
CAPITAL-HUSTING COMPANY INC,1426,2019-02-04,50-0140,240,UNREPAIRED 48 X 40 CORES,$1.25,$300
CAPITAL-HUSTING COMPANY INC,1426,2019-02-04,SCRAP-ONLY,60,SCRAP-ONLY (GL5327-2001),$0,$0
CAPITAL-HUSTING COMPANY INC,1426,2019-02-04,CHEP,1,CHEP,$0,$0
CARPENTER PALLET,2732,2018-11-28,50-0004,126,REPAIRED 48 X 40 4/WAY FLUSH (GRADE B - PLUGGED),$4.35,$548.1
CARPENTER PALLET,2732,2018-11-28,50-0004,54,REPAIRED 48 X 40 4/WAY FLUSH (GRADE B - PLUGGED),$4.35,$234.9
CARPENTER PALLET,2732,2018-11-28,50-0001,108,REPAIRED 48 X 40 4/WAY FLUSH (GRADE A),$5.5,$594
CARPENTER PALLET,2732,2018-11-28,50-0165,18,REPAIRED 48 X 36,$3.25,$58.5
CARPENTER PALLET,2732,2018-11-30,50-0001,108,REPAIRED 48 X 40 4/WAY FLUSH (GRADE A),$5.5,$594
CARPENTER PALLET,2732,2018-11-30,50-0004,72,REPAIRED 48 X 40 4/WAY FLUSH (GRADE B - PLUGGED),$4.5,$324
CARPENTER PALLET,2732,2018-12-04,50-0140,1,UNREPAIRED 48 X 40 CORES,$3,$3
CARPENTER PALLET,2732,2018-12-04,50-0001,106,REPAIRED 48 X 40 4/WAY FLUSH (GRADE A),$5.5,$583
CARPENTER PALLET,2732,2018-12-04,50-0004,72,REPAIRED 48 X 40 4/WAY FLUSH (GRADE B - PLUGGED),$4.5,$324
CARPENTER PALLET,2732,2018-12-05,50-0001,80,REPAIRED 48 X 40 4/WAY FLUSH (GRADE A),$5.5,$440
CARPENTER PALLET,2732,2018-12-05,50-0004,108,REPAIRED 48 X 40 4/WAY FLUSH (GRADE B - PLUGGED),$4.5,$486
CARPENTER PALLET,2732,2018-12-10,50-0101,54,REPAIRED 32 X 32 2/WAY FLUSH,$2.75,$148.5
CARPENTER PALLET,2732,2018-12-10,50-0001,72,REPAIRED 48 X 40 4/WAY FLUSH (GRADE A),$5.5,$396
CARPENTER PALLET,2732,2018-12-10,50-0004,72,REPAIRED 48 X 40 4/WAY FLUSH (GRADE B - PLUGGED),$4.5,$324
CARPENTER PALLET,2732,2018-12-10,50-0004,36,REPAIRED 48 X 40 4/WAY FLUSH (GRADE B - PLUGGED),$4.5,$162
CARPENTER PALLET,2732,2018-12-10,50-0001,72,REPAIRED 48 X 40 4/WAY FLUSH (GRADE A),$5.5,$396
CARPENTER PALLET,2732,2018-12-10,50-0101,18,REPAIRED 32 X 32 2/WAY FLUSH,$2.75,$49.5
CARPENTER PALLET,2732,2018-12-10,50-0165,54,REPAIRED 48 X 36,$3.25,$175.5
CARPENTER PALLET,2732,2018-12-11,50-0001,54,REPAIRED 48 X 40 4/WAY FLUSH (GRADE A),$5.5,$297
CARPENTER PALLET,2732,2018-12-11,50-0004,90,REPAIRED 48 X 40 4/WAY FLUSH (GRADE B - PLUGGED),$4.5,$405
CARPENTER PALLET,2732,2018-12-11,50-0101,36,REPAIRED 32 X 32 2/WAY FLUSH,$2.75,$99
CARPENTER PALLET,2732,2018-12-11,50-0025,18,REPAIRED 30 X 30,$2.5,$45
CARPENTER PALLET,2732,2018-12-11,50-0004,36,REPAIRED 48 X 40 4/WAY FLUSH (GRADE B - PLUGGED),$4.5,$162
CARPENTER PALLET,2732,2018-12-11,50-0001,72,REPAIRED 48 X 40 4/WAY FLUSH (GRADE A),$5.5,$396
CARPENTER PALLET,2732,2018-12-11,50-0101,18,REPAIRED 32 X 32 2/WAY FLUSH,$2.75,$49.5
CARPENTER PALLET,2732,2018-12-11,50-0165,54,REPAIRED 48 X 36,$3.25,$175.5
CARPENTER PALLET,2732,2018-12-11,50-0001,72,REPAIRED 48 X 40 4/WAY FLUSH (GRADE A),$5.5,$396
CARPENTER PALLET,2732,2018-12-11,50-0004,72,REPAIRED 48 X 40 4/WAY FLUSH (GRADE B - PLUGGED),$4.5,$324
CARPENTER PALLET,2732,2018-12-11,50-0101,54,REPAIRED 32 X 32 2/WAY FLUSH,$2.75,$148.5
CARPENTER PALLET,2732,2018-12-12,50-0001,72,REPAIRED 48 X 40 4/WAY FLUSH (GRADE A),$5.5,$396
CARPENTER PALLET,2732,2018-12-12,50-0004,90,REPAIRED 48 X 40 4/WAY FLUSH (GRADE B - PLUGGED),$4.5,$405
CARPENTER PALLET,2732,2018-12-12,50-0101,18,REPAIRED 32 X 32 2/WAY FLUSH,$2.75,$49.5
CARPENTER PALLET,2732,2018-12-13,50-0001,72,REPAIRED 48 X 40 4/WAY FLUSH (GRADE A),$5.5,$396
CARPENTER PALLET,2732,2018-12-13,50-0004,108,REPAIRED 48 X 40 4/WAY FLUSH (GRADE B - PLUGGED),$4.5,$486
CARPENTER PALLET,2732,2018-12-17,50-0001,54,REPAIRED 48 X 40 4/WAY FLUSH (GRADE A),$5.5,$297
CARPENTER PALLET,2732,2018-12-17,50-0004,126,REPAIRED 48 X 40 4/WAY FLUSH (GRADE B - PLUGGED),$4.5,$567
CARPENTER PALLET,2732,2018-12-17,50-0004,72,REPAIRED 48 X 40 4/WAY FLUSH (GRADE B - PLUGGED),$4.5,$324
CARPENTER PALLET,2732,2018-12-17,50-0001,90,REPAIRED 48 X 40 4/WAY FLUSH (GRADE A),$5.5,$495
CARPENTER PALLET,2732,2018-12-17,50-0165,18,REPAIRED 48 X 36,$3.25,$58.5
CARPENTER PALLET,2732,2018-12-18,50-0001,90,REPAIRED 48 X 40 4/WAY FLUSH (GRADE A),$5.5,$495
CARPENTER PALLET,2732,2018-12-18,50-0004,72,REPAIRED 48 X 40 4/WAY FLUSH (GRADE B - PLUGGED),$4.5,$324
CARPENTER PALLET,2732,2018-12-20,50-0001,36,REPAIRED 48 X 40 4/WAY FLUSH (GRADE A),$5.5,$198
CARPENTER PALLET,2732,2018-12-20,50-0004,144,REPAIRED 48 X 40 4/WAY FLUSH (GRADE B - PLUGGED),$4.5,$648
CARPENTER PALLET,2732,2018-12-20,50-0004,108,REPAIRED 48 X 40 4/WAY FLUSH (GRADE B - PLUGGED),$4.5,$486
CARPENTER PALLET,2732,2018-12-20,50-0001,72,REPAIRED 48 X 40 4/WAY FLUSH (GRADE A),$5.5,$396
CARPENTER PALLET,2732,2018-12-21,50-0165,18,REPAIRED 48 X 36,$3.25,$58.5
CARPENTER PALLET,2732,2018-12-21,50-0001,54,REPAIRED 48 X 40 4/WAY FLUSH (GRADE A),$5.5,$297
CARPENTER PALLET,2732,2018-12-21,50-0004,108,REPAIRED 48 X 40 4/WAY FLUSH (GRADE B - PLUGGED),$4.5,$486
CARPENTER PALLET,2732,2018-12-28,50-0004,72,REPAIRED 48 X 40 4/WAY FLUSH (GRADE B - PLUGGED),$4.5,$324
CARPENTER PALLET,2732,2018-12-28,50-0165,36,REPAIRED 48 X 36,$3.25,$117
CARPENTER PALLET,2732,2018-12-28,50-0025,54,REPAIRED 30 X 30,$2.5,$135
CARPENTER PALLET,2732,2018-12-28,50-0101,72,REPAIRED 32 X 32 2/WAY FLUSH,$2.75,$198
CARPENTER PALLET,2732,2019-01-02,50-0001,72,REPAIRED 48 X 40 4/WAY FLUSH (GRADE A),$5.5,$396
CARPENTER PALLET,2732,2019-01-02,50-0004,72,REPAIRED 48 X 40 4/WAY FLUSH (GRADE B - PLUGGED),$4.5,$324
CARPENTER PALLET,2732,2019-01-02,50-0101,36,REPAIRED 32 X 32 2/WAY FLUSH,$2.75,$99
CARPENTER PALLET,2732,2019-01-08,50-0004,54,REPAIRED 48 X 40 4/WAY FLUSH (GRADE B - PLUGGED),$4.5,$243
CARPENTER PALLET,2732,2019-01-08,50-0001,54,REPAIRED 48 X 40 4/WAY FLUSH (GRADE A),$5.5,$297
CARPENTER PALLET,2732,2019-01-08,50-0101,162,REPAIRED 32 X 32 2/WAY FLUSH,$2.75,$445.5
CARPENTER PALLET,2732,2019-01-11,50-0001,108,REPAIRED 48 X 40 4/WAY FLUSH (GRADE A),$5.5,$594
CARPENTER PALLET,2732,2019-01-11,50-0004,54,REPAIRED 48 X 40 4/WAY FLUSH (GRADE B - PLUGGED),$4.5,$243
CARPENTER PALLET,2732,2019-01-11,50-0165,18,REPAIRED 48 X 36,$3.25,$58.5
CARPENTER PALLET,2732,2019-01-11,50-0001,36,REPAIRED 48 X 40 4/WAY FLUSH (GRADE A),$5.5,$198
CARPENTER PALLET,2732,2019-01-11,50-0004,36,REPAIRED 48 X 40 4/WAY FLUSH (GRADE B - PLUGGED),$4.5,$162
CARPENTER PALLET,2732,2019-01-11,50-0101,162,REPAIRED 32 X 32 2/WAY FLUSH,$2.75,$445.5
CARPENTER PALLET,2732,2019-01-11,50-0025,54,REPAIRED 30 X 30,$2.5,$135
CARPENTER PALLET,2732,2019-01-15,50-0001,72,REPAIRED 48 X 40 4/WAY FLUSH (GRADE A),$5.5,$396
CARPENTER PALLET,2732,2019-01-15,50-0004,90,REPAIRED 48 X 40 4/WAY FLUSH (GRADE B - PLUGGED),$4.5,$405
CARPENTER PALLET,2732,2019-01-15,50-0165,18,REPAIRED 48 X 36,$3.25,$58.5
CARPENTER PALLET,2732,2019-01-22,50-0004,126,REPAIRED 48 X 40 4/WAY FLUSH (GRADE B - PLUGGED),$4.5,$567
CARPENTER PALLET,2732,2019-01-22,50-0001,54,REPAIRED 48 X 40 4/WAY FLUSH (GRADE A),$5.5,$297
CARPENTER PALLET,2732,2019-01-22,50-0004,36,REPAIRED 48 X 40 4/WAY FLUSH (GRADE B - PLUGGED),$4.5,$162
CARPENTER PALLET,2732,2019-01-22,50-0001,72,REPAIRED 48 X 40 4/WAY FLUSH (GRADE A),$5.5,$396
CARPENTER PALLET,2732,2019-01-22,55-6787,80,REMAN 44 X 44 2/WAY FLUSH,$4.5,$360
CARPENTER PALLET,2732,2019-01-22,55-6787,80,REMAN 44 X 44 2/WAY FLUSH,$4.5,$360
CARPENTER PALLET,2732,2019-01-22,50-0101,126,REPAIRED 32 X 32 2/WAY FLUSH,$2.75,$346.5
CARPENTER PALLET,2732,2019-01-22,50-0025,90,REPAIRED 30 X 30,$2.5,$225
CARPENTER PALLET,2732,2019-01-22,50-0001,126,REPAIRED 48 X 40 4/WAY FLUSH (GRADE A),$5.5,$693
CARPENTER PALLET,2732,2019-01-22,50-0004,18,REPAIRED 48 X 40 4/WAY FLUSH (GRADE B - PLUGGED),$4.5,$81
CARPENTER PALLET,2732,2019-01-22,55-6787,40,REMAN 44 X 44 2/WAY FLUSH,$4.5,$180
CARPENTER PALLET,2732,2019-01-23,50-0004,54,REPAIRED 48 X 40 4/WAY FLUSH (GRADE B - PLUGGED),$4.5,$243
CARPENTER PALLET,2732,2019-01-23,50-0001,126,REPAIRED 48 X 40 4/WAY FLUSH (GRADE A),$5.5,$693
CARPENTER PALLET,2732,2019-01-24,50-0004,90,REPAIRED 48 X 40 4/WAY FLUSH (GRADE B - PLUGGED),$4.5,$405
CARPENTER PALLET,2732,2019-01-24,50-0001,90,REPAIRED 48 X 40 4/WAY FLUSH (GRADE A),$5.5,$495
CARPENTER PALLET,2732,2019-01-31,50-0004,18,REPAIRED 48 X 40 4/WAY FLUSH (GRADE B - PLUGGED),$4.5,$81
CARPENTER PALLET,2732,2019-01-31,50-0001,72,REPAIRED 48 X 40 4/WAY FLUSH (GRADE A),$5.5,$396
CARPENTER PALLET,2732,2019-01-31,50-0165,72,REPAIRED 48 X 36,$3.5,$252
CARPENTER PALLET,2732,2019-01-31,50-0001,72,REPAIRED 48 X 40 4/WAY FLUSH (GRADE A),$5.5,$396
CARPENTER PALLET,2732,2019-01-31,50-0004,36,REPAIRED 48 X 40 4/WAY FLUSH (GRADE B - PLUGGED),$4.5,$162
CARPENTER PALLET,2732,2019-01-31,55-6787,72,REMAN 44 X 44 2/WAY FLUSH,$4.5,$324
CARPENTER PALLET,2732,2019-01-31,50-0004,72,REPAIRED 48 X 40 4/WAY FLUSH (GRADE B - PLUGGED),$4.5,$324
CARPENTER PALLET,2732,2019-01-31,50-0001,36,REPAIRED 48 X 40 4/WAY FLUSH (GRADE A),$5.5,$198
CARPENTER PALLET,2732,2019-01-31,55-6787,72,REMAN 44 X 44 2/WAY FLUSH,$4.5,$324
CARPENTER PALLET,2732,2019-01-31,50-0001,72,REPAIRED 48 X 40 4/WAY FLUSH (GRADE A),$5.5,$396
CARPENTER PALLET,2732,2019-01-31,50-0004,108,REPAIRED 48 X 40 4/WAY FLUSH (GRADE B - PLUGGED),$4.5,$486
CARPENTER PALLET,2732,2019-01-31,50-0004,200,REPAIRED 48 X 40 4/WAY FLUSH (GRADE B - PLUGGED),$4.5,$900
CARPENTER PALLET,2732,2019-02-06,50-0004,36,REPAIRED 48 X 40 4/WAY FLUSH (GRADE B - PLUGGED),$4.5,$162
CARPENTER PALLET,2732,2019-02-06,50-0001,108,REPAIRED 48 X 40 4/WAY FLUSH (GRADE A),$5.5,$594
CARPENTER PALLET,2732,2019-02-06,55-6787,18,REMAN 44 X 44 2/WAY FLUSH,$4.75,$85.5
CARPENTER PALLET,2732,2019-02-06,50-0165,18,REPAIRED 48 X 36,$3.5,$63
CARPENTER PALLET,2732,2019-02-06,50-0004,180,REPAIRED 48 X 40 4/WAY FLUSH (GRADE B - PLUGGED),$4.5,$810
CARPENTER PALLET,2732,2019-02-06,50-0001,144,REPAIRED 48 X 40 4/WAY FLUSH (GRADE A),$5.5,$792
CARPENTER PALLET,2732,2019-02-06,50-0004,36,REPAIRED 48 X 40 4/WAY FLUSH (GRADE B - PLUGGED),$4.5,$162
CARPENTER PALLET,2732,2019-02-06,50-0001,162,REPAIRED 48 X 40 4/WAY FLUSH (GRADE A),$5.5,$891
CARPENTER PALLET,2732,2019-02-06,50-0004,18,REPAIRED 48 X 40 4/WAY FLUSH (GRADE B - PLUGGED),$4.5,$81
CARPENTER PALLET,2732,2019-02-07,50-0004,180,REPAIRED 48 X 40 4/WAY FLUSH (GRADE B - PLUGGED),$4.5,$810
CARPENTER PALLET,2732,2019-02-08,50-0004,180,REPAIRED 48 X 40 4/WAY FLUSH (GRADE B - PLUGGED),$4.5,$810
CLASEN QUALITY CHOCOLATE INC,11699,2018-11-30,50-0140,380,UNREPAIRED 48 X 40 CORES,$3,$1140
CLASEN QUALITY CHOCOLATE INC,11699,2018-11-30,SCRAP-ONLY,48,SCRAP-ONLY (GL5327-2001),$0,$0
CLASEN QUALITY CHOCOLATE INC,11699,2019-01-11,50-0140,224,UNREPAIRED 48 X 40 CORES,$3,$672
CLASEN QUALITY CHOCOLATE INC,11699,2019-01-11,SCRAP-ONLY,103,SCRAP-ONLY (GL5327-2001),$0,$0
CLASEN QUALITY CHOCOLATE INC,11699,2019-01-23,50-0140,214,UNREPAIRED 48 X 40 CORES,$3,$642
CLASEN QUALITY CHOCOLATE INC,11699,2019-01-23,SCRAP-ONLY,23,SCRAP-ONLY (GL5327-2001),$0,$0
CLASEN QUALITY CHOCOLATE INC,11699,2019-01-25,50-0140,180,UNREPAIRED 48 X 40 CORES,$3,$540
CLASEN QUALITY CHOCOLATE INC,11699,2019-01-31,50-0140,58,UNREPAIRED 48 X 40 CORES,$3,$174
CLASEN QUALITY CHOCOLATE INC,11699,2019-01-31,50-0407,4,REPAIRED 47.25 X 39.37 EURO (BLOCK PALLET),$0,$0
CLASEN QUALITY CHOCOLATE INC,11699,2019-01-31,SCRAP-ONLY,16,SCRAP-ONLY (GL5327-2001),$0,$0
CLASEN QUALITY CHOCOLATE INC,11699,2019-01-31,CHEP,1,CHEP,$0,$0
CLEMENS M. BORNTREGOR ,12156,2019-01-25,50-0140,2,UNREPAIRED 48 X 40 CORES,$2.5,$5
CLEMENS M. BORNTREGOR ,12156,2019-01-25,50-0001,247,REPAIRED 48 X 40 4/WAY FLUSH (GRADE A),$6,$1482
CLEMENS M. BORNTREGOR ,12156,2019-01-25,SCRAP-ONLY,6,SCRAP-ONLY (GL5327-2001),$0,$0
CLEMENS M. BORNTREGOR ,12156,2019-01-25,50-0004,3,REPAIRED 48 X 40 4/WAY FLUSH (GRADE B - PLUGGED),$4.5,$13.5
CROSSROADS YOUTH CENTER,2089,2019-01-21,50-0025,300,REPAIRED 30 X 30,$3,$900
CROSSROADS YOUTH CENTER,2089,2019-01-21,55-1644,340,REMAN 28 X 28 2/WAY FLUSH,$2.75,$935
CUMMINS,0,2018-12-04,50-0325,105,REPAIRED 32 X 30 OR 30 X 32 2/WAY FLUSH,$0,$0
CUMMINS,0,2018-12-04,50-0390,61,UNREPAIRED 48 X 45 4/WAY,$0,$0
CUMMINS,0,2018-12-04,50-0140,69,UNREPAIRED 48 X 40 CORES,$0,$0
CUMMINS,0,2018-12-04,50-0221,17,REPAIRED 47.25 X 31.25 EURO (BLK STYLE PALLET),$0,$0
CUMMINS,0,2018-12-04,49-0012,12,UNREPAIRED 48 X 48 FLUSH (4 RUNNER),$0,$0
CUMMINS,0,2018-12-20,50-0390,71,UNREPAIRED 48 X 45 4/WAY,$0,$0
CUMMINS,0,2018-12-20,50-0140,91,UNREPAIRED 48 X 40 CORES,$0,$0
CUMMINS,0,2018-12-20,50-0407,12,REPAIRED 47.25 X 39.37 EURO (BLOCK PALLET),$0,$0
CUMMINS,0,2018-12-20,50-0325,108,REPAIRED 32 X 30 OR 30 X 32 2/WAY FLUSH,$0,$0
CUMMINS,0,2019-01-31,SCRAP-ONLY,1,SCRAP-ONLY (GL5327-2001),$0,$0
CUMMINS,0,2019-01-31,SCRAP-ONLY,1,SCRAP-ONLY (GL5327-2001),$0,$0
CUMMINS,0,2019-02-04,50-0325,90,REPAIRED 32 X 30 OR 30 X 32 2/WAY FLUSH,$0,$0
CUMMINS,0,2019-02-04,50-0140,77,UNREPAIRED 48 X 40 CORES,$0,$0
CUMMINS,0,2019-02-04,50-0390,58,UNREPAIRED 48 X 45 4/WAY,$0,$0
CUMMINS - MP,,2018-12-05,50-0140,83,UNREPAIRED 48 X 40 CORES,$0,$0
CUMMINS - MP,,2018-12-05,50-0390,58,UNREPAIRED 48 X 45 4/WAY,$0,$0
CUMMINS - MP,,2018-12-05,50-0221,9,REPAIRED 47.25 X 31.25 EURO (BLK STYLE PALLET),$0,$0
CUMMINS - MP,,2018-12-05,50-0325,120,REPAIRED 32 X 30 OR 30 X 32 2/WAY FLUSH,$0,$0
CUMMINS - MP,,2018-12-19,50-0140,69,UNREPAIRED 48 X 40 CORES,$0,$0
CUMMINS - MP,,2018-12-19,50-0390,119,UNREPAIRED 48 X 45 4/WAY,$0,$0
CUMMINS - MP,,2018-12-19,50-0407,13,REPAIRED 47.25 X 39.37 EURO (BLOCK PALLET),$0,$0
CUMMINS - MP,,2018-12-19,50-0325,100,REPAIRED 32 X 30 OR 30 X 32 2/WAY FLUSH,$0,$0
DASH MEDICAL,2628,2018-12-18,50-0140,65,UNREPAIRED 48 X 40 CORES,$1,$65
DASH MEDICAL,2628,2018-12-18,SCRAP-ONLY,29,SCRAP-ONLY (GL5327-2001),$0,$0
DASH MEDICAL,2628,2019-01-22,50-0140,25,UNREPAIRED 48 X 40 CORES,$1,$25
DHI,,2019-02-06,SCRAP-BURN,37,SCRAP-BURN,$0,$0
DHI,,2019-02-06,50-0140,9,UNREPAIRED 48 X 40 CORES,$0,$0
ELLSWORTH,,2018-12-28,50-0140,112,UNREPAIRED 48 X 40 CORES,$0,$0
ELLSWORTH,,2018-12-28,SCRAP-ONLY,8,SCRAP-ONLY (GL5327-2001),$0,$0
ELLSWORTH,,2018-12-28,50-0066,2,REPAIRED 48 X 40 BLOCK PALLET,$0,$0
ELLSWORTH,,2018-12-28,CHEP,2,CHEP,$0,$0
ELLSWORTH,,2019-01-08,50-0140,5,UNREPAIRED 48 X 40 CORES,$0,$0
ELLSWORTH,,2019-01-08,SCRAP-ONLY,14,SCRAP-ONLY (GL5327-2001),$0,$0
ERIN ENTERPRISES ,12140,2018-12-13,50-0140,330,UNREPAIRED 48 X 40 CORES,$3.5,$1155
ERIN ENTERPRISES ,12140,2018-12-13,SCRAP-ONLY,80,SCRAP-ONLY (GL5327-2001),$0,$0
ERIN ENTERPRISES ,12140,2018-12-13,CHEP,21,CHEP,$0,$0
ERIN ENTERPRISES ,12140,2018-12-13,42x72,20,CUSTOM,$0,$0
ERIN ENTERPRISES ,12140,2018-12-13,50-0066,9,REPAIRED 48 X 40 BLOCK PALLET,$0,$0
FAARAL WOOD PRODUCTS LLC,2915,2018-11-29,50-0001,100,REPAIRED 48 X 40 4/WAY FLUSH (GRADE A),$5.55,$555
FAARAL WOOD PRODUCTS LLC,2915,2018-11-29,50-0004,40,REPAIRED 48 X 40 4/WAY FLUSH (GRADE B - PLUGGED),$4.5,$180
FAARAL WOOD PRODUCTS LLC,2915,2018-11-29,50-0226,60,REPAIRED 36 X 36 2/WAY FLUSH,$3,$180
FAARAL WOOD PRODUCTS LLC,2915,2018-11-29,50-0101,40,REPAIRED 32 X 32 2/WAY FLUSH,$3,$120
FAARAL WOOD PRODUCTS LLC,2915,2018-11-29,50-0165,40,REPAIRED 48 X 36,$3,$120
FAARAL WOOD PRODUCTS LLC,2915,2018-12-06,50-0001,180,REPAIRED 48 X 40 4/WAY FLUSH (GRADE A),$5.55,$999
FAARAL WOOD PRODUCTS LLC,2915,2018-12-06,50-0165,20,REPAIRED 48 X 36,$3,$60
FAARAL WOOD PRODUCTS LLC,2915,2018-12-06,50-0226,80,REPAIRED 36 X 36 2/WAY FLUSH,$3,$240
FAARAL WOOD PRODUCTS LLC,2915,2018-12-06,50-0226,46,REPAIRED 36 X 36 2/WAY FLUSH,$3,$138
FAARAL WOOD PRODUCTS LLC,2915,2018-12-06,50-0101,60,REPAIRED 32 X 32 2/WAY FLUSH,$3,$180
FAARAL WOOD PRODUCTS LLC,2915,2018-12-06,50-0001,180,REPAIRED 48 X 40 4/WAY FLUSH (GRADE A),$5.55,$999
FAARAL WOOD PRODUCTS LLC,2915,2018-12-08,50-0004,80,REPAIRED 48 X 40 4/WAY FLUSH (GRADE B - PLUGGED),$4.5,$360
FAARAL WOOD PRODUCTS LLC,2915,2018-12-08,50-0001,160,REPAIRED 48 X 40 4/WAY FLUSH (GRADE A),$5.55,$888
FAARAL WOOD PRODUCTS LLC,2915,2018-12-10,50-0004,60,REPAIRED 48 X 40 4/WAY FLUSH (GRADE B - PLUGGED),$4.5,$270
FAARAL WOOD PRODUCTS LLC,2915,2018-12-10,50-0226,20,REPAIRED 36 X 36 2/WAY FLUSH,$3,$60
FAARAL WOOD PRODUCTS LLC,2915,2018-12-10,50-0001,180,REPAIRED 48 X 40 4/WAY FLUSH (GRADE A),$5.55,$999
FAARAL WOOD PRODUCTS LLC,2915,2018-12-10,50-0165,20,REPAIRED 48 X 36,$3,$60
FAARAL WOOD PRODUCTS LLC,2915,2018-12-12,50-0004,100,REPAIRED 48 X 40 4/WAY FLUSH (GRADE B - PLUGGED),$4.5,$450
FAARAL WOOD PRODUCTS LLC,2915,2018-12-12,50-0226,22,REPAIRED 36 X 36 2/WAY FLUSH,$3,$66
FAARAL WOOD PRODUCTS LLC,2915,2018-12-12,50-0001,140,REPAIRED 48 X 40 4/WAY FLUSH (GRADE A),$5.55,$777
FAARAL WOOD PRODUCTS LLC,2915,2018-12-12,50-0165,20,REPAIRED 48 X 36,$3,$60
FAARAL WOOD PRODUCTS LLC,2915,2018-12-20,50-0226,32,REPAIRED 36 X 36 2/WAY FLUSH,$3,$96
FAARAL WOOD PRODUCTS LLC,2915,2018-12-20,50-0165,40,REPAIRED 48 X 36,$3,$120
FAARAL WOOD PRODUCTS LLC,2915,2018-12-20,50-0004,80,REPAIRED 48 X 40 4/WAY FLUSH (GRADE B - PLUGGED),$4.5,$360
FAARAL WOOD PRODUCTS LLC,2915,2018-12-20,50-0001,120,REPAIRED 48 X 40 4/WAY FLUSH (GRADE A),$5.75,$690
FAARAL WOOD PRODUCTS LLC,2915,2018-12-28,55-6787,20,REMAN 44 X 44 2/WAY FLUSH,$3.5,$70
FAARAL WOOD PRODUCTS LLC,2915,2018-12-28,50-0001,220,REPAIRED 48 X 40 4/WAY FLUSH (GRADE A),$5.75,$1265
FAARAL WOOD PRODUCTS LLC,2915,2018-12-28,50-0165,20,REPAIRED 48 X 36,$3,$60
FAARAL WOOD PRODUCTS LLC,2915,2019-01-15,50-0226,40,REPAIRED 36 X 36 2/WAY FLUSH,$3,$120
FAARAL WOOD PRODUCTS LLC,2915,2019-01-15,50-0165,40,REPAIRED 48 X 36,$3,$120
FAARAL WOOD PRODUCTS LLC,2915,2019-01-15,50-0101,20,REPAIRED 32 X 32 2/WAY FLUSH,$3,$60
FAARAL WOOD PRODUCTS LLC,2915,2019-01-15,50-0001,180,REPAIRED 48 X 40 4/WAY FLUSH (GRADE A),$5.75,$1035
FAARAL WOOD PRODUCTS LLC,2915,2019-01-17,50-0101,20,REPAIRED 32 X 32 2/WAY FLUSH,$3,$60
FAARAL WOOD PRODUCTS LLC,2915,2019-01-17,50-0226,60,REPAIRED 36 X 36 2/WAY FLUSH,$3,$180
FAARAL WOOD PRODUCTS LLC,2915,2019-01-17,50-0001,180,REPAIRED 48 X 40 4/WAY FLUSH (GRADE A),$5.75,$1035
FAARAL WOOD PRODUCTS LLC,2915,2019-01-17,50-0165,20,REPAIRED 48 X 36,$3,$60
FAARAL WOOD PRODUCTS LLC,2915,2019-01-20,50-0025,44,REPAIRED 30 X 30,$3,$132
FAARAL WOOD PRODUCTS LLC,2915,2019-01-20,50-0101,80,REPAIRED 32 X 32 2/WAY FLUSH,$3,$240
FAARAL WOOD PRODUCTS LLC,2915,2019-01-20,50-0001,180,REPAIRED 48 X 40 4/WAY FLUSH (GRADE A),$5.75,$1035
FAARAL WOOD PRODUCTS LLC,2915,2019-01-22,50-0226,22,REPAIRED 36 X 36 2/WAY FLUSH,$3,$66
FAARAL WOOD PRODUCTS LLC,2915,2019-01-22,50-0165,18,REPAIRED 48 X 36,$3,$54
FAARAL WOOD PRODUCTS LLC,2915,2019-01-22,50-0001,239,REPAIRED 48 X 40 4/WAY FLUSH (GRADE A),$5.75,$1374.25
FAARAL WOOD PRODUCTS LLC,2915,2019-01-31,50-0001,180,REPAIRED 48 X 40 4/WAY FLUSH (GRADE A),$5.75,$1035
FAARAL WOOD PRODUCTS LLC,2915,2019-01-31,50-0101,100,REPAIRED 32 X 32 2/WAY FLUSH,$3,$300
FAARAL WOOD PRODUCTS LLC,2915,2019-01-31,50-0165,20,REPAIRED 48 X 36,$3,$60
FAARAL WOOD PRODUCTS LLC,2915,2019-01-31,50-0001,200,REPAIRED 48 X 40 4/WAY FLUSH (GRADE A),$5.75,$1150
FAARAL WOOD PRODUCTS LLC,2915,2019-01-31,50-0025,116,REPAIRED 30 X 30,$3,$348
FAARAL WOOD PRODUCTS LLC,2915,2019-02-04,50-0226,20,REPAIRED 36 X 36 2/WAY FLUSH,$3,$60
FAARAL WOOD PRODUCTS LLC,2915,2019-02-04,50-0025,40,REPAIRED 30 X 30,$3,$120
FAARAL WOOD PRODUCTS LLC,2915,2019-02-04,50-0001,200,REPAIRED 48 X 40 4/WAY FLUSH (GRADE A),$5.75,$1150
FAARAL WOOD PRODUCTS LLC,2915,2019-02-04,50-0165,20,REPAIRED 48 X 36,$3,$60
FAARAL WOOD PRODUCTS LLC,2915,2019-02-07,50-0025,48,REPAIRED 30 X 30,$3,$144
FAARAL WOOD PRODUCTS LLC,2915,2019-02-07,50-0226,40,REPAIRED 36 X 36 2/WAY FLUSH,$3,$120
FAARAL WOOD PRODUCTS LLC,2915,2019-02-07,50-0001,180,REPAIRED 48 X 40 4/WAY FLUSH (GRADE A),$5.75,$1035
FAARAL WOOD PRODUCTS LLC,2915,2019-02-07,50-0165,20,REPAIRED 48 X 36,$3,$60
FARMERS GRAIN & FEED LLC,2922,2018-12-05,50-0140,275,UNREPAIRED 48 X 40 CORES,$3,$825
GAMAY FOODS INC,2436,2019-02-07,50-0140,26,UNREPAIRED 48 X 40 CORES,$2.75,$71.5
GARY SCHIEFELBEIN,12149,2018-12-21,50-0140,130,UNREPAIRED 48 X 40 CORES,$3.25,$422.5
GEHL - CRUSADER CT,,2018-12-05,50-0140,89,UNREPAIRED 48 X 40 CORES,$0,$0
GEHL - CRUSADER CT,,2018-12-05,SCRAP-ONLY,6,SCRAP-ONLY (GL5327-2001),$0,$0
GEHL FOODS LLC,1541,2018-11-29,50-0140,179,UNREPAIRED 48 X 40 CORES,$3.5,$626.5
GEHL FOODS LLC,1541,2018-11-29,SCRAP-ONLY,162,SCRAP-ONLY (GL5327-2001),$0,$0
GEHL FOODS LLC,1541,2018-11-30,50-0140,277,UNREPAIRED 48 X 40 CORES,$3.5,$969.5
GEHL FOODS LLC,1541,2018-11-30,SCRAP-ONLY,203,SCRAP-ONLY (GL5327-2001),$0,$0
GEHL FOODS LLC,1541,2018-12-05,50-0140,179,UNREPAIRED 48 X 40 CORES,$3.5,$626.5
GEHL FOODS LLC,1541,2018-12-05,SCRAP-ONLY,111,SCRAP-ONLY (GL5327-2001),$0,$0
GEHL FOODS LLC,1541,2018-12-07,50-0140,35,UNREPAIRED 48 X 40 CORES,$3.5,$122.5
GEHL FOODS LLC,1541,2018-12-07,SCRAP-ONLY,25,SCRAP-ONLY (GL5327-2001),$0,$0
GEHL FOODS LLC,1541,2018-12-11,50-0140,218,UNREPAIRED 48 X 40 CORES,$3.5,$763
GEHL FOODS LLC,1541,2018-12-11,SCRAP-ONLY,262,SCRAP-ONLY (GL5327-2001),$0,$0
GEHL FOODS LLC,1541,2018-12-14,50-0140,270,UNREPAIRED 48 X 40 CORES,$3.5,$945
GEHL FOODS LLC,1541,2018-12-14,SCRAP-ONLY,200,SCRAP-ONLY (GL5327-2001),$0,$0
GEHL FOODS LLC,1541,2018-12-14,50-0140,246,UNREPAIRED 48 X 40 CORES,$3.5,$861
GEHL FOODS LLC,1541,2018-12-14,SCRAP-ONLY,217,SCRAP-ONLY (GL5327-2001),$0,$0
GEHL FOODS LLC,1541,2018-12-14,CHEP,3,CHEP,$0,$0
GEHL FOODS LLC,1541,2018-12-17,50-0140,81,UNREPAIRED 48 X 40 CORES,$3.5,$283.5
GEHL FOODS LLC,1541,2018-12-17,SCRAP-ONLY,119,SCRAP-ONLY (GL5327-2001),$0,$0
GEHL FOODS LLC,1541,2018-12-21,50-0140,310,UNREPAIRED 48 X 40 CORES,$3.5,$1085
GEHL FOODS LLC,1541,2018-12-21,SCRAP-ONLY,170,SCRAP-ONLY (GL5327-2001),$0,$0
GEHL FOODS LLC,1541,2018-12-27,50-0140,201,UNREPAIRED 48 X 40 CORES,$3.5,$703.5
GEHL FOODS LLC,1541,2018-12-27,SCRAP-ONLY,195,SCRAP-ONLY (GL5327-2001),$0,$0
GEHL FOODS LLC,1541,2018-12-27,50-0140,131,UNREPAIRED 48 X 40 CORES,$3.5,$458.5
GEHL FOODS LLC,1541,2018-12-27,SCRAP-ONLY,165,SCRAP-ONLY (GL5327-2001),$0,$0
GEHL FOODS LLC,1541,2019-01-02,50-0140,133,UNREPAIRED 48 X 40 CORES,$3.5,$465.5
GEHL FOODS LLC,1541,2019-01-02,SCRAP-ONLY,138,SCRAP-ONLY (GL5327-2001),$0,$0
GEHL FOODS LLC,1541,2019-01-02,50-0140,125,UNREPAIRED 48 X 40 CORES,$3.5,$437.5
GEHL FOODS LLC,1541,2019-01-02,SCRAP-ONLY,208,SCRAP-ONLY (GL5327-2001),$0,$0
GEHL FOODS LLC,1541,2019-01-09,50-0140,243,UNREPAIRED 48 X 40 CORES,$3.5,$850.5
GEHL FOODS LLC,1541,2019-01-09,SCRAP-ONLY,236,SCRAP-ONLY (GL5327-2001),$0,$0
GEHL FOODS LLC,1541,2019-01-09,CHEP,1,CHEP,$0,$0
GEHL FOODS LLC,1541,2019-01-14,50-0140,148,UNREPAIRED 48 X 40 CORES,$3.5,$518
GEHL FOODS LLC,1541,2019-01-14,SCRAP-ONLY,216,SCRAP-ONLY (GL5327-2001),$0,$0
GEHL FOODS LLC,1541,2019-01-14,50-0140,198,UNREPAIRED 48 X 40 CORES,$3.5,$693
GEHL FOODS LLC,1541,2019-01-14,SCRAP-ONLY,163,SCRAP-ONLY (GL5327-2001),$0,$0
GEHL FOODS LLC,1541,2019-01-20,SCRAP-ONLY,173,SCRAP-ONLY (GL5327-2001),$0,$0
GEHL FOODS LLC,1541,2019-01-20,50-0140,187,UNREPAIRED 48 X 40 CORES,$3.5,$654.5
GEHL FOODS LLC,1541,2019-01-20,50-0140,185,UNREPAIRED 48 X 40 CORES,$3.5,$647.5
GEHL FOODS LLC,1541,2019-01-20,SCRAP-ONLY,306,SCRAP-ONLY (GL5327-2001),$0,$0
GEHL FOODS LLC,1541,2019-01-22,50-0140,177,UNREPAIRED 48 X 40 CORES,$3.5,$619.5
GEHL FOODS LLC,1541,2019-01-22,SCRAP-DENAIL,148,SCRAP-DENAIL (GL5327-2001),$0,$0
GEHL FOODS LLC,1541,2019-01-22,50-0140,253,UNREPAIRED 48 X 40 CORES,$3.5,$885.5
GEHL FOODS LLC,1541,2019-01-22,SCRAP-ONLY,117,SCRAP-ONLY (GL5327-2001),$0,$0
GEHL FOODS LLC,1541,2019-01-25,50-0140,206,UNREPAIRED 48 X 40 CORES,$3.5,$721
GEHL FOODS LLC,1541,2019-01-25,SCRAP-DENAIL,254,SCRAP-DENAIL (GL5327-2001),$0,$0
GEHL FOODS LLC,1541,2019-01-31,50-0140,320,UNREPAIRED 48 X 40 CORES,$3.5,$1120
GEHL FOODS LLC,1541,2019-01-31,SCRAP-ONLY,80,SCRAP-ONLY (GL5327-2001),$0,$0
GEHL FOODS LLC,1541,2019-01-31,50-0140,142,UNREPAIRED 48 X 40 CORES,$3.5,$497
GEHL FOODS LLC,1541,2019-01-31,SCRAP-ONLY,129,SCRAP-ONLY (GL5327-2001),$0,$0
GEHL FOODS LLC,1541,2019-01-31,50-0140,84,UNREPAIRED 48 X 40 CORES,$3.5,$294
GEHL FOODS LLC,1541,2019-01-31,SCRAP-ONLY,116,SCRAP-ONLY (GL5327-2001),$0,$0
GEHL FOODS LLC,1541,2019-02-04,50-0140,147,UNREPAIRED 48 X 40 CORES,$3.5,$514.5
GEHL FOODS LLC,1541,2019-02-04,SCRAP-ONLY,238,SCRAP-ONLY (GL5327-2001),$0,$0
GEHL FOODS LLC,1541,2019-02-07,50-0140,230,UNREPAIRED 48 X 40 CORES,$3.5,$805
GEHL FOODS LLC,1541,2019-02-07,SCRAP-DENAIL,251,SCRAP-DENAIL (GL5327-2001),$0,$0
GEHRING SALES & SERVICE INC,11925,2019-01-10,SCRAP-DENAIL,139,SCRAP-DENAIL (GL5327-2001),$1,$139
GEHRING SALES & SERVICE INC,11925,2019-01-10,50-0140,140,UNREPAIRED 48 X 40 CORES,$1.5,$210
GKN,,2018-12-21,50-0283,287,REPAIRED 40-48 X 40-48 BRADLEY,$0,$0
GKN SHEEPRIDGE,0,2019-01-11,50-0140,8,UNREPAIRED 48 X 40 CORES,$0,$0
GKN SHEEPRIDGE,0,2019-01-11,SCRAP-ONLY,5,SCRAP-ONLY (GL5327-2001),$0,$0
GKN SINTER METALS,1184,2018-12-13,50-0200,207,UNREPAIRED 38 X 38 MIX,$1,$207
GKN SINTER METALS,1184,2019-01-15,SCRAP-DENAIL,8,SCRAP-DENAIL (GL5327-2001),$0,$0
GKN SINTER METALS,1184,2019-01-15,50-0200,56,UNREPAIRED 38 X 38 MIX,$1,$56
GKN SINTER METALS,1184,2019-01-24,50-0200,0,UNREPAIRED 38 X 38 MIX,$0,$0
GLEASON REEL,,2018-12-03,50-0140,8,UNREPAIRED 48 X 40 CORES,$0,$0
GLEASON REEL,,2018-12-03,SCRAP-ONLY,7,SCRAP-ONLY (GL5327-2001),$0,$0
GLEASON REEL,,2018-12-21,50-0140,26,UNREPAIRED 48 X 40 CORES,$0,$0
GLEASON REEL,,2018-12-21,SCRAP-ONLY,34,SCRAP-ONLY (GL5327-2001),$0,$0
GUY & O'NEILL INC,12083,2018-11-28,50-0140,98,UNREPAIRED 48 X 40 CORES,$2.75,$269.5
GUY & O'NEILL INC,12083,2018-11-28,SCRAP-ONLY,21,SCRAP-ONLY,$0.5,$10.5
GUY & O'NEILL INC,12083,2018-11-28,50-0140,88,UNREPAIRED 48 X 40 CORES,$2.75,$242
GUY & O'NEILL INC,12083,2018-11-28,SCRAP-ONLY,26,SCRAP-ONLY,$0.5,$13
GUY & O'NEILL INC,12083,2018-11-30,50-0140,79,UNREPAIRED 48 X 40 CORES,$2.75,$217.25
GUY & O'NEILL INC,12083,2018-11-30,SCRAP-ONLY,13,SCRAP-ONLY,$0.5,$6.5
GUY & O'NEILL INC,12083,2018-12-19,50-0140,237,UNREPAIRED 48 X 40 CORES,$2.75,$651.75
GUY & O'NEILL INC,12083,2018-12-19,SCRAP-DENAIL,156,SCRAP-DENAIL (GL5327-2001),$0.5,$78
GUY & O'NEILL INC,12083,2019-01-17,50-0140,383,UNREPAIRED 48 X 40 CORES,$2.75,$1053.25
GUY & O'NEILL INC,12083,2019-01-17,SCRAP-ONLY,76,SCRAP-ONLY (GL5327-2001),$0.5,$38
GUY & O'NEILL INC,12083,2019-01-20,50-0140,430,UNREPAIRED 48 X 40 CORES,$2.75,$1182.5
GUY & O'NEILL INC,12083,2019-01-20,50-0140,297,UNREPAIRED 48 X 40 CORES,$2.75,$816.75
GUY & O'NEILL INC,12083,2019-01-20,SCRAP-ONLY,59,SCRAP-ONLY (GL5327-2001),$0.5,$29.5
GUY & O'NEILL INC,12083,2019-01-22,50-0140,254,UNREPAIRED 48 X 40 CORES,$2.75,$698.5
GUY & O'NEILL INC,12083,2019-01-22,SCRAP-ONLY,54,SCRAP-ONLY (GL5327-2001),$0.5,$27
GUY & O'NEILL INC,12083,2019-01-25,50-0140,103,UNREPAIRED 48 X 40 CORES,$2.75,$283.25
GUY & O'NEILL INC,12083,2019-01-31,50-0140,101,UNREPAIRED 48 X 40 CORES,$2.75,$277.75
GUY & O'NEILL INC,12083,2019-02-06,50-0140,201,UNREPAIRED 48 X 40 CORES,$2.75,$552.75
GUY & O'NEILL INC,12083,2019-02-06,SCRAP-ONLY,64,SCRAP-ONLY (GL5327-2001),$0.5,$32
GUY & O'NEILL INC,12083,2019-02-07,50-0140,114,UNREPAIRED 48 X 40 CORES,$2.75,$313.5
GUY & O'NEILL INC,12083,2019-02-07,SCRAP-ONLY,3,SCRAP-ONLY (GL5327-2001),$0.5,$1.5
HAHN ACE HARDWARE,277,2019-01-15,50-0140,249,UNREPAIRED 48 X 40 CORES,$3,$747
HAHN ACE HARDWARE,277,2019-01-15,SCRAP-ONLY,29,SCRAP-ONLY (GL5327-2001),$0,$0
HAHN ACE HARDWARE,277,2019-01-15,CHEP,3,CHEP,$0,$0
HAHN ACE HARDWARE,277,2019-02-07,50-0140,331,UNREPAIRED 48 X 40 CORES,$3,$993
HAHN ACE HARDWARE,277,2019-02-07,SCRAP-ONLY,27,SCRAP-ONLY (GL5327-2001),$0,$0
HAMPEL,,2018-12-27,SCRAP-DENAIL,82,SCRAP-DENAIL (GL5327-2001),$0,$0
HAMPEL,,2018-12-27,SCRAP-ONLY,17,SCRAP-ONLY (GL5327-2001),$0,$0
HAMPEL,,2019-01-03,SCRAP-DENAIL,80,SCRAP-DENAIL (GL5327-2001),$0,$0
HANSEN STORAGE COMPANY,2645,2018-12-04,50-0140,457,UNREPAIRED 48 X 40 CORES,$2.76,$1261.32
HANSEN STORAGE COMPANY,2645,2018-12-04,SCRAP-ONLY,19,SCRAP-ONLY (GL5327-2001),$0,$0
HANSEN STORAGE COMPANY,2645,2018-12-14,50-0140,352,UNREPAIRED 48 X 40 CORES,$2.76,$971.52
HANSEN STORAGE COMPANY,2645,2018-12-14,PECO,3,PECO,$0,$0
HANSEN STORAGE COMPANY,2645,2018-12-14,SCRAP-ONLY,164,SCRAP-ONLY (GL5327-2001),$0,$0
HANSEN STORAGE COMPANY,2645,2018-12-14,CHEP,5,CHEP,$0,$0
HANSEN STORAGE COMPANY,2645,2018-12-28,50-0140,373,UNREPAIRED 48 X 40 CORES,$2.76,$1029.48
HANSEN STORAGE COMPANY,2645,2018-12-28,SCRAP-ONLY,132,SCRAP-ONLY (GL5327-2001),$0,$0
HANSEN STORAGE COMPANY,2645,2019-01-08,50-0140,363,UNREPAIRED 48 X 40 CORES,$2.76,$1001.88
HANSEN STORAGE COMPANY,2645,2019-01-08,SCRAP-ONLY,151,SCRAP-ONLY (GL5327-2001),$0,$0
HANSEN STORAGE COMPANY,2645,2019-01-20,50-0140,412,UNREPAIRED 48 X 40 CORES,$2.76,$1137.12
HANSEN STORAGE COMPANY,2645,2019-01-20,SCRAP-ONLY,138,SCRAP-ONLY (GL5327-2001),$0,$0
HANSEN STORAGE COMPANY,2645,2019-02-06,50-0140,446,UNREPAIRED 48 X 40 CORES,$2.76,$1230.96
HANSEN STORAGE COMPANY,2645,2019-02-06,SCRAP-DENAIL,2,SCRAP-DENAIL (GL5327-2001),$0,$0
HANSEN STORAGE COMPANY,2645,2019-02-06,SCRAP-ONLY,10,SCRAP-ONLY (GL5327-2001),$0,$0
HERITAGE,,2018-12-12,SCRAP-ONLY,3,SCRAP-ONLY (GL5327-2001),$0,$0
HORICON HARDWARE INC.,2264,2019-01-20,50-0140,104,UNREPAIRED 48 X 40 CORES,$1.25,$130
INFINITE LOGISTICS LLC,12061,2018-12-11,50-0001,357,REPAIRED 48 X 40 4/WAY FLUSH (GRADE A),$5.5,$1963.5
INFINITE LOGISTICS LLC,12061,2018-12-11,50-0004,147,REPAIRED 48 X 40 4/WAY FLUSH (GRADE B - PLUGGED),$4.5,$661.5
INFINITE LOGISTICS LLC,12061,2019-01-08,50-0001,399,REPAIRED 48 X 40 4/WAY FLUSH (GRADE A),$5.5,$2194.5
INFINITE LOGISTICS LLC,12061,2019-01-08,50-0004,105,REPAIRED 48 X 40 4/WAY FLUSH (GRADE B - PLUGGED),$4.5,$472.5
INFINITE LOGISTICS LLC,12061,2019-01-14,50-0001,315,REPAIRED 48 X 40 4/WAY FLUSH (GRADE A),$5.5,$1732.5
INFINITE LOGISTICS LLC,12061,2019-01-14,50-0004,126,REPAIRED 48 X 40 4/WAY FLUSH (GRADE B - PLUGGED),$4.5,$567
JENEIL BIOTECH INCORPORATED,2339,2018-12-04,50-0140,184,UNREPAIRED 48 X 40 CORES,$1.5,$276
JENEIL BIOTECH INCORPORATED,2339,2018-12-04,SCRAP-ONLY,15,SCRAP-ONLY (GL5327-2001),$0,$0
JENEIL BIOTECH INCORPORATED,2339,2018-12-17,50-0140,259,UNREPAIRED 48 X 40 CORES,$1.5,$388.5
JENEIL BIOTECH INCORPORATED,2339,2018-12-17,SCRAP-ONLY,38,SCRAP-ONLY (GL5327-2001),$0,$0
JENEIL BIOTECH INCORPORATED,2339,2018-12-17,PECO,1,PECO,$0,$0
JENEIL BIOTECH INCORPORATED,2339,2019-01-20,SCRAP-ONLY,64,SCRAP-ONLY (GL5327-2001),$0,$0
JENEIL BIOTECH INCORPORATED,2339,2019-01-20,50-0140,182,UNREPAIRED 48 X 40 CORES,$1.5,$273
JENEIL BIOTECH INCORPORATED,2339,2019-01-25,50-0140,154,UNREPAIRED 48 X 40 CORES,$1.5,$231
JENEIL BIOTECH INCORPORATED,2339,2019-01-25,SCRAP-ONLY,32,SCRAP-ONLY (GL5327-2001),$0,$0
JENEIL BIOTECH INCORPORATED,2339,2019-02-07,50-0140,205,UNREPAIRED 48 X 40 CORES,$1.5,$307.5
JIMMY POLSIN RECYCLING LLC,560,2018-11-30,50-0001,240,REPAIRED 48 X 40 4/WAY FLUSH (GRADE A),$5.15,$1236
JIMMY POLSIN RECYCLING LLC,560,2018-11-30,50-0066,36,REPAIRED 48 X 40 BLOCK PALLET,$3,$108
JIMMY POLSIN RECYCLING LLC,560,2018-11-30,50-0283,40,REPAIRED 40-48 X 40-48 BRADLEY,$3.5,$140
JIMMY POLSIN RECYCLING LLC,560,2018-11-30,50-0004,200,REPAIRED 48 X 40 4/WAY FLUSH (GRADE B - PLUGGED),$4.25,$850
JIMMY POLSIN RECYCLING LLC,560,2018-12-08,50-0004,240,REPAIRED 48 X 40 4/WAY FLUSH (GRADE B - PLUGGED),$4.3,$1032
JIMMY POLSIN RECYCLING LLC,560,2018-12-08,50-0001,260,REPAIRED 48 X 40 4/WAY FLUSH (GRADE A),$5.2,$1352
JIMMY POLSIN RECYCLING LLC,560,2018-12-08,50-0283,20,REPAIRED 40-48 X 40-48 BRADLEY,$3.5,$70
JIMMY POLSIN RECYCLING LLC,560,2018-12-17,50-0001,180,REPAIRED 48 X 40 4/WAY FLUSH (GRADE A),$5.2,$936
JIMMY POLSIN RECYCLING LLC,560,2018-12-17,50-0004,200,REPAIRED 48 X 40 4/WAY FLUSH (GRADE B - PLUGGED),$4.3,$860
JIMMY POLSIN RECYCLING LLC,560,2018-12-17,50-0283,115,REPAIRED 40-48 X 40-48 BRADLEY,$3,$345
JIMMY POLSIN RECYCLING LLC,560,2018-12-17,50-0283,20,REPAIRED 40-48 X 40-48 BRADLEY,$3.5,$70
JIMMY POLSIN RECYCLING LLC,560,2018-12-28,50-0001,200,REPAIRED 48 X 40 4/WAY FLUSH (GRADE A),$5.2,$1040
JIMMY POLSIN RECYCLING LLC,560,2018-12-28,50-0004,200,REPAIRED 48 X 40 4/WAY FLUSH (GRADE B - PLUGGED),$4.3,$860
JIMMY POLSIN RECYCLING LLC,560,2018-12-28,50-0283,61,REPAIRED 40-48 X 40-48 BRADLEY,$3.75,$228.75
JIMMY POLSIN RECYCLING LLC,560,2018-12-28,50-0283,60,REPAIRED 40-48 X 40-48 BRADLEY,$3.25,$195
JIMMY POLSIN RECYCLING LLC,560,2019-01-09,50-0283,100,REPAIRED 40-48 X 40-48 BRADLEY,$3.25,$325
JIMMY POLSIN RECYCLING LLC,560,2019-01-09,50-0001,237,REPAIRED 48 X 40 4/WAY FLUSH (GRADE A),$5.2,$1232.4
JIMMY POLSIN RECYCLING LLC,560,2019-01-09,50-0004,180,REPAIRED 48 X 40 4/WAY FLUSH (GRADE B - PLUGGED),$4.3,$774
JIMMY POLSIN RECYCLING LLC,560,2019-01-15,50-0001,200,REPAIRED 48 X 40 4/WAY FLUSH (GRADE A),$5.2,$1040
JIMMY POLSIN RECYCLING LLC,560,2019-01-15,50-0004,160,REPAIRED 48 X 40 4/WAY FLUSH (GRADE B - PLUGGED),$4.3,$688
JIMMY POLSIN RECYCLING LLC,560,2019-01-15,50-0165,40,REPAIRED 48 X 36,$3.5,$140
JIMMY POLSIN RECYCLING LLC,560,2019-01-23,50-0001,277,REPAIRED 48 X 40 4/WAY FLUSH (GRADE A),$5.2,$1440.4
JIMMY POLSIN RECYCLING LLC,560,2019-01-23,50-0004,240,REPAIRED 48 X 40 4/WAY FLUSH (GRADE B - PLUGGED),$4.3,$1032
JIMMY POLSIN RECYCLING LLC,560,2019-01-31,50-0001,220,REPAIRED 48 X 40 4/WAY FLUSH (GRADE A),$5.2,$1144
JIMMY POLSIN RECYCLING LLC,560,2019-01-31,50-0004,200,REPAIRED 48 X 40 4/WAY FLUSH (GRADE B - PLUGGED),$4.3,$860
JIMMY POLSIN RECYCLING LLC,560,2019-01-31,50-0283,39,REPAIRED 40-48 X 40-48 BRADLEY,$3.5,$136.5
JIMMY POLSIN RECYCLING LLC,560,2019-01-31,50-0165,60,REPAIRED 48 X 36,$3.5,$210
JIMMY POLSIN RECYCLING LLC,560,2019-02-07,50-0165,80,REPAIRED 48 X 36,$3.5,$280
JIMMY POLSIN RECYCLING LLC,560,2019-02-07,50-0004,240,REPAIRED 48 X 40 4/WAY FLUSH (GRADE B - PLUGGED),$4.3,$1032
JIMMY POLSIN RECYCLING LLC,560,2019-02-07,50-0001,200,REPAIRED 48 X 40 4/WAY FLUSH (GRADE A),$5.2,$1040
JON LOREK,12160,2019-01-22,50-0140,117,UNREPAIRED 48 X 40 CORES,$3.5,$409.5
JON LOREK,12160,2019-01-22,SCRAP-ONLY,49,SCRAP-ONLY (GL5327-2001),$1,$49
JOSEPH N. MAJERUS DBA WICKED ENTERPRISE,12102,2018-11-28,50-0001,462,REPAIRED 48 X 40 4/WAY FLUSH (GRADE A),$5,$2310
JOSEPH N. MAJERUS DBA WICKED ENTERPRISE,12102,2018-11-28,50-0004,66,REPAIRED 48 X 40 4/WAY FLUSH (GRADE B - PLUGGED),$4.25,$280.5
JOSEPH N. MAJERUS DBA WICKED ENTERPRISE,12102,2018-11-30,50-0140,113,UNREPAIRED 48 X 40 CORES,$3,$339
JOSEPH N. MAJERUS DBA WICKED ENTERPRISE,12102,2018-11-30,50-0004,62,REPAIRED 48 X 40 4/WAY FLUSH (GRADE B - PLUGGED),$4.25,$263.5
JOSEPH N. MAJERUS DBA WICKED ENTERPRISE,12102,2018-11-30,50-0001,353,REPAIRED 48 X 40 4/WAY FLUSH (GRADE A),$5,$1765
JOSEPH N. MAJERUS DBA WICKED ENTERPRISE,12102,2018-12-07,50-0001,352,REPAIRED 48 X 40 4/WAY FLUSH (GRADE A),$5,$1760
JOSEPH N. MAJERUS DBA WICKED ENTERPRISE,12102,2018-12-07,50-0004,176,REPAIRED 48 X 40 4/WAY FLUSH (GRADE B - PLUGGED),$4.25,$748
JOSEPH N. MAJERUS DBA WICKED ENTERPRISE,12102,2018-12-20,50-0165,40,REPAIRED 48 X 36,$3.75,$150
JOSEPH N. MAJERUS DBA WICKED ENTERPRISE,12102,2018-12-20,50-0004,132,REPAIRED 48 X 40 4/WAY FLUSH (GRADE B - PLUGGED),$4.25,$561
JOSEPH N. MAJERUS DBA WICKED ENTERPRISE,12102,2018-12-20,50-0001,352,REPAIRED 48 X 40 4/WAY FLUSH (GRADE A),$5,$1760
JOSEPH N. MAJERUS DBA WICKED ENTERPRISE,12102,2018-12-20,50-0131,44,REPAIRED 48 X 45,$2.75,$121
JOSEPH N. MAJERUS DBA WICKED ENTERPRISE,12102,2018-12-28,50-0165,40,REPAIRED 48 X 36,$3.75,$150
JOSEPH N. MAJERUS DBA WICKED ENTERPRISE,12102,2018-12-28,50-0001,374,REPAIRED 48 X 40 4/WAY FLUSH (GRADE A),$5,$1870
JOSEPH N. MAJERUS DBA WICKED ENTERPRISE,12102,2018-12-28,50-0004,110,REPAIRED 48 X 40 4/WAY FLUSH (GRADE B - PLUGGED),$4.25,$467.5
JOSEPH N. MAJERUS DBA WICKED ENTERPRISE,12102,2019-01-09,50-0001,374,REPAIRED 48 X 40 4/WAY FLUSH (GRADE A),$5,$1870
JOSEPH N. MAJERUS DBA WICKED ENTERPRISE,12102,2019-01-09,50-0004,154,REPAIRED 48 X 40 4/WAY FLUSH (GRADE B - PLUGGED),$4.25,$654.5
JOSEPH N. MAJERUS DBA WICKED ENTERPRISE,12102,2019-01-09,50-0165,40,REPAIRED 48 X 36,$3.25,$130
JOSEPH N. MAJERUS DBA WICKED ENTERPRISE,12102,2019-01-14,50-0001,350,REPAIRED 48 X 40 4/WAY FLUSH (GRADE A),$5,$1750
JOSEPH N. MAJERUS DBA WICKED ENTERPRISE,12102,2019-01-14,50-0140,2,UNREPAIRED 48 X 40 CORES,$3,$6
JOSEPH N. MAJERUS DBA WICKED ENTERPRISE,12102,2019-01-14,50-0066,204,REPAIRED 48 X 40 BLOCK PALLET,$3.25,$663
JOSEPH N. MAJERUS DBA WICKED ENTERPRISE,12102,2019-01-14,50-0131,82,REPAIRED 48 X 45,$2.75,$225.5
JOSEPH N. MAJERUS DBA WICKED ENTERPRISE,12102,2019-01-14,50-0001,264,REPAIRED 48 X 40 4/WAY FLUSH (GRADE A),$5,$1320
JOSEPH N. MAJERUS DBA WICKED ENTERPRISE,12102,2019-01-14,50-0004,44,REPAIRED 48 X 40 4/WAY FLUSH (GRADE B - PLUGGED),$4.25,$187
JOSEPH N. MAJERUS DBA WICKED ENTERPRISE,12102,2019-01-14,50-0283,42,REPAIRED 40-48 X 40-48 BRADLEY,$2.35,$98.7
JOSEPH N. MAJERUS DBA WICKED ENTERPRISE,12102,2019-01-14,50-0165,176,REPAIRED 48 X 36,$3.25,$572
JOSEPH N. MAJERUS DBA WICKED ENTERPRISE,12102,2019-01-22,50-0001,370,REPAIRED 48 X 40 4/WAY FLUSH (GRADE A),$5,$1850
JOSEPH N. MAJERUS DBA WICKED ENTERPRISE,12102,2019-01-22,50-0004,132,REPAIRED 48 X 40 4/WAY FLUSH (GRADE B - PLUGGED),$4.25,$561
JOSEPH N. MAJERUS DBA WICKED ENTERPRISE,12102,2019-01-22,50-0009,22,REPAIRED 48 X 42,$2.35,$51.7
JOSEPH N. MAJERUS DBA WICKED ENTERPRISE,12102,2019-01-22,50-0140,4,UNREPAIRED 48 X 40 CORES,$3,$12
JOSEPH N. MAJERUS DBA WICKED ENTERPRISE,12102,2019-01-22,50-0165,42,REPAIRED 48 X 36,$3.25,$136.5
JW SPEAKER,0,2019-01-21,SCRAP-DENAIL,29,SCRAP-DENAIL (GL5327-2001),$0,$0
JW SPEAKER,0,2019-01-21,SCRAP-ONLY,12,SCRAP-ONLY (GL5327-2001),$0,$0
JW SPEAKER,0,2019-02-06,SCRAP-ONLY,12,SCRAP-ONLY (GL5327-2001),$0,$0
KAPCO,,2018-12-21,50-0140,5,UNREPAIRED 48 X 40 CORES,$0,$0
KAPCO,,2018-12-21,SCRAP-ONLY,7,SCRAP-ONLY (GL5327-2001),$0,$0
KARAK,,2019-01-03,SCRAP-DENAIL,165,SCRAP-DENAIL (GL5327-2001),$0,$0
KIRBY,,2019-01-08,50-0140,28,UNREPAIRED 48 X 40 CORES,$0,$0
KIRBY,,2019-01-08,SCRAP-ONLY,7,SCRAP-ONLY (GL5327-2001),$0,$0
KONDEX,,2019-01-31,SCRAP-ONLY,1,SCRAP-ONLY (GL5327-2001),$0,$0
KURTIS MC AULY,11793,2018-12-04,50-0283,22,REPAIRED 40-48 X 40-48 BRADLEY,$3,$66
KURTIS MC AULY,11793,2018-12-04,50-0165,35,REPAIRED 48 X 36,$1.75,$61.25
KURTIS MC AULY,11793,2018-12-04,50-0025,13,REPAIRED 30 X 30,$1.5,$19.5
KURTIS MC AULY,11793,2018-12-04,50-0325,10,REPAIRED 32 X 30 OR 30 X 32 2/WAY FLUSH,$1.5,$15
KURTIS MC AULY,11793,2018-12-04,55-6787,9,REMAN 44 X 44 2/WAY FLUSH,$3,$27
KURTIS MC AULY,11793,2018-12-05,50-0140,16,UNREPAIRED 48 X 40 CORES,$2.5,$40
KURTIS MC AULY,11793,2018-12-05,50-0009,16,REPAIRED 48 X 42,$2.5,$40
KURTIS MC AULY,11793,2018-12-05,50-0179,11,REPAIRED 40 X 40,$1.75,$19.25
KURTIS MC AULY,11793,2018-12-05,50-0101,15,REPAIRED 32 X 32 2/WAY FLUSH,$1.5,$22.5
KURTIS MC AULY,11793,2018-12-05,50-0131,14,REPAIRED 48 X 45,$2.5,$35
KURTIS MC AULY,11793,2018-12-06,50-0140,4,UNREPAIRED 48 X 40 CORES,$2.5,$10
KURTIS MC AULY,11793,2018-12-06,50-0001,27,REPAIRED 48 X 40 4/WAY FLUSH (GRADE A),$4.25,$114.75
KURTIS MC AULY,11793,2018-12-06,50-0004,39,REPAIRED 48 X 40 4/WAY FLUSH (GRADE B - PLUGGED),$4,$156
KURTIS MC AULY,11793,2018-12-06,50-0283,3,REPAIRED 40-48 X 40-48 BRADLEY,$3,$9
KURTIS MC AULY,11793,2018-12-14,50-0140,37,UNREPAIRED 48 X 40 CORES,$2.5,$92.5
KURTIS MC AULY,11793,2018-12-14,50-0001,24,REPAIRED 48 X 40 4/WAY FLUSH (GRADE A),$4.25,$102
KURTIS MC AULY,11793,2018-12-14,50-0004,12,REPAIRED 48 X 40 4/WAY FLUSH (GRADE B - PLUGGED),$4,$48
KURTIS MC AULY,11793,2018-12-17,50-0001,24,REPAIRED 48 X 40 4/WAY FLUSH (GRADE A),$4.25,$102
KURTIS MC AULY,11793,2018-12-17,50-0140,25,UNREPAIRED 48 X 40 CORES,$2.5,$62.5
KURTIS MC AULY,11793,2018-12-17,50-0004,19,REPAIRED 48 X 40 4/WAY FLUSH (GRADE B - PLUGGED),$4,$76
KURTIS MC AULY,11793,2018-12-17,50-0019,28,REPAIRED 42 X 42,$3,$84
KURTIS MC AULY,11793,2018-12-17,50-0140,20,UNREPAIRED 48 X 40 CORES,$2.5,$50
KURTIS MC AULY,11793,2018-12-17,50-0001,3,REPAIRED 48 X 40 4/WAY FLUSH (GRADE A),$4.25,$12.75
KURTIS MC AULY,11793,2018-12-17,50-0004,24,REPAIRED 48 X 40 4/WAY FLUSH (GRADE B - PLUGGED),$4,$96
KURTIS MC AULY,11793,2018-12-19,50-0140,21,UNREPAIRED 48 X 40 CORES,$2.5,$52.5
KURTIS MC AULY,11793,2018-12-19,50-0001,13,REPAIRED 48 X 40 4/WAY FLUSH (GRADE A),$4.25,$55.25
KURTIS MC AULY,11793,2018-12-19,50-0004,35,REPAIRED 48 X 40 4/WAY FLUSH (GRADE B - PLUGGED),$4,$140
KURTIS MC AULY,11793,2018-12-19,50-0006,3,REPAIRED 48 X 40 2/WAY FLUSH,$3.75,$11.25
KURTIS MC AULY,11793,2018-12-27,50-0140,28,UNREPAIRED 48 X 40 CORES,$2.5,$70
KURTIS MC AULY,11793,2018-12-27,50-0004,20,REPAIRED 48 X 40 4/WAY FLUSH (GRADE B - PLUGGED),$4,$80
KURTIS MC AULY,11793,2018-12-27,50-0001,17,REPAIRED 48 X 40 4/WAY FLUSH (GRADE A),$4.25,$72.25
KURTIS MC AULY,11793,2018-12-27,50-0283,2,REPAIRED 40-48 X 40-48 BRADLEY,$3,$6
KURTIS MC AULY,11793,2018-12-27,50-0101,8,REPAIRED 32 X 32 2/WAY FLUSH,$1.5,$12
KURTIS MC AULY,11793,2019-01-08,50-0025,25,REPAIRED 30 X 30,$1.5,$37.5
KURTIS MC AULY,11793,2019-01-08,50-0009,28,REPAIRED 48 X 42,$2.5,$70
KURTIS MC AULY,11793,2019-01-08,50-0019,30,REPAIRED 42 X 42,$3,$90
KURTIS MC AULY,11793,2019-01-11,50-0226,200,REPAIRED 36 X 36 2/WAY FLUSH,$1.75,$350
KURTIS MC AULY,11793,2019-01-11,50-0226,140,REPAIRED 36 X 36 2/WAY FLUSH,$1.75,$245
KURTIS MC AULY,11793,2019-01-11,50-0004,43,REPAIRED 48 X 40 4/WAY FLUSH (GRADE B - PLUGGED),$4,$172
KURTIS MC AULY,11793,2019-01-11,50-0001,23,REPAIRED 48 X 40 4/WAY FLUSH (GRADE A),$4.25,$97.75
KURTIS MC AULY,11793,2019-01-11,50-0140,29,UNREPAIRED 48 X 40 CORES,$2.5,$72.5
KURTIS MC AULY,11793,2019-01-11,50-0101,7,REPAIRED 32 X 32 2/WAY FLUSH,$1.5,$10.5
KURTIS MC AULY,11793,2019-01-14,50-0001,18,REPAIRED 48 X 40 4/WAY FLUSH (GRADE A),$4.25,$76.5
KURTIS MC AULY,11793,2019-01-14,50-0004,24,REPAIRED 48 X 40 4/WAY FLUSH (GRADE B - PLUGGED),$4,$96
KURTIS MC AULY,11793,2019-01-14,50-0140,28,UNREPAIRED 48 X 40 CORES,$2.5,$70
KURTIS MC AULY,11793,2019-01-14,50-0140,29,UNREPAIRED 48 X 40 CORES,$2.5,$72.5
KURTIS MC AULY,11793,2019-01-14,50-0004,19,REPAIRED 48 X 40 4/WAY FLUSH (GRADE B - PLUGGED),$4,$76
KURTIS MC AULY,11793,2019-01-14,50-0001,21,REPAIRED 48 X 40 4/WAY FLUSH (GRADE A),$4.25,$89.25
KURTIS MC AULY,11793,2019-01-14,50-0006,3,REPAIRED 48 X 40 2/WAY FLUSH,$3.75,$11.25
KURTIS MC AULY,11793,2019-01-15,50-0140,8,UNREPAIRED 48 X 40 CORES,$2.5,$20
KURTIS MC AULY,11793,2019-01-15,50-0001,3,REPAIRED 48 X 40 4/WAY FLUSH (GRADE A),$4.25,$12.75
KURTIS MC AULY,11793,2019-01-15,50-0004,4,REPAIRED 48 X 40 4/WAY FLUSH (GRADE B - PLUGGED),$4,$16
KURTIS MC AULY,11793,2019-01-15,50-0016,31,REPAIRED 48 X 48,$3,$93
KURTIS MC AULY,11793,2019-01-15,55-6787,18,REMAN 44 X 44 2/WAY FLUSH,$3,$54
KURTIS MC AULY,11793,2019-01-20,50-0140,12,UNREPAIRED 48 X 40 CORES,$2.5,$30
KURTIS MC AULY,11793,2019-01-20,50-0004,19,REPAIRED 48 X 40 4/WAY FLUSH (GRADE B - PLUGGED),$4,$76
KURTIS MC AULY,11793,2019-01-20,50-0001,13,REPAIRED 48 X 40 4/WAY FLUSH (GRADE A),$4.25,$55.25
KURTIS MC AULY,11793,2019-01-20,50-0131,18,REPAIRED 48 X 45,$2.5,$45
KURTIS MC AULY,11793,2019-01-20,50-0101,3,REPAIRED 32 X 32 2/WAY FLUSH,$1.5,$4.5
KURTIS MC AULY,11793,2019-01-20,50-0006,2,REPAIRED 48 X 40 2/WAY FLUSH,$3.75,$7.5
KURTIS MC AULY,11793,2019-01-22,50-0001,11,REPAIRED 48 X 40 4/WAY FLUSH (GRADE A),$4.25,$46.75
KURTIS MC AULY,11793,2019-01-22,50-0140,7,UNREPAIRED 48 X 40 CORES,$2.5,$17.5
KURTIS MC AULY,11793,2019-01-22,50-0004,9,REPAIRED 48 X 40 4/WAY FLUSH (GRADE B - PLUGGED),$4,$36
KURTIS MC AULY,11793,2019-01-22,50-0019,40,REPAIRED 42 X 42,$3,$120
KURTIS MC AULY,11793,2019-01-22,50-0025,15,REPAIRED 30 X 30,$1.5,$22.5
KURTIS MC AULY,11793,2019-01-22,50-0283,2,REPAIRED 40-48 X 40-48 BRADLEY,$3,$6
LEGACY BAKEHOUSE LLC,11890,2018-12-08,50-0140,59,UNREPAIRED 48 X 40 CORES,$2,$118
LEGACY BAKEHOUSE LLC,11890,2018-12-08,SCRAP-ONLY,6,SCRAP-ONLY (GL5327-2001),$0,$0
LEGACY BAKEHOUSE LLC,11890,2019-01-09,50-0140,92,UNREPAIRED 48 X 40 CORES,$2,$184
LEGACY BAKEHOUSE LLC,11890,2019-01-09,SCRAP-ONLY,6,SCRAP-ONLY (GL5327-2001),$0,$0
LEGACY BAKEHOUSE LLC,11890,2019-01-14,50-0140,56,UNREPAIRED 48 X 40 CORES,$2,$112
LEGACY BAKEHOUSE LLC,11890,2019-01-14,SCRAP-ONLY,8,SCRAP-ONLY (GL5327-2001),$0,$0
LEGACY BAKEHOUSE LLC,11890,2019-01-22,50-0140,43,UNREPAIRED 48 X 40 CORES,$2,$86
LEGACY BAKEHOUSE LLC,11890,2019-01-22,SCRAP-ONLY,3,SCRAP-ONLY (GL5327-2001),$0,$0
LEGACY BAKEHOUSE LLC,11890,2019-02-04,50-0140,46,UNREPAIRED 48 X 40 CORES,$2,$92
LEGACY BAKEHOUSE LLC,11890,2019-02-04,SCRAP-ONLY,2,SCRAP-ONLY (GL5327-2001),$0,$0
LEGACY BAKEHOUSE LLC,11890,2019-02-06,50-0140,45,UNREPAIRED 48 X 40 CORES,$2,$90
LEGACY BAKEHOUSE LLC,11890,2019-02-06,SCRAP-ONLY,8,SCRAP-ONLY (GL5327-2001),$0,$0
LEON PALLETS,2868,2018-12-13,50-0165,230,REPAIRED 48 X 36,$3.75,$862.5
LEON PALLETS,2868,2018-12-21,50-0001,200,REPAIRED 48 X 40 4/WAY FLUSH (GRADE A),$6,$1200
LEON PALLETS,2868,2018-12-27,50-0101,360,REPAIRED 32 X 32 2/WAY FLUSH,$2.75,$990
LEON PALLETS,2868,2018-12-27,50-0019,30,REPAIRED 42 X 42,$4.25,$127.5
LEON PALLETS,2868,2018-12-27,55-6787,80,REMAN 44 X 44 2/WAY FLUSH,$4.25,$340
LEON PALLETS,2868,2019-01-07,50-0001,239,REPAIRED 48 X 40 4/WAY FLUSH (GRADE A),$6,$1434
LEON PALLETS,2868,2019-01-07,50-0001,240,REPAIRED 48 X 40 4/WAY FLUSH (GRADE A),$6,$1440
LEON PALLETS,2868,2019-01-08,50-0001,240,REPAIRED 48 X 40 4/WAY FLUSH (GRADE A),$6,$1440
LEON PALLETS,2868,2019-01-22,50-0001,220,REPAIRED 48 X 40 4/WAY FLUSH (GRADE A),$6,$1320
LEON PALLETS,2868,2019-01-22,50-0004,20,REPAIRED 48 X 40 4/WAY FLUSH (GRADE B - PLUGGED),$4.5,$90
LEON PALLETS,2868,2019-01-24,50-0001,120,REPAIRED 48 X 40 4/WAY FLUSH (GRADE A),$6,$720
LEON PALLETS,2868,2019-01-24,50-0101,220,REPAIRED 32 X 32 2/WAY FLUSH,$2.75,$605
MARK PENOSKE,12085,2018-11-30,50-0001,8,REPAIRED 48 X 40 4/WAY FLUSH (GRADE A),$3,$24
MARK PENOSKE,12085,2018-11-30,50-0004,5,REPAIRED 48 X 40 4/WAY FLUSH (GRADE B - PLUGGED),$3,$15
MARK PENOSKE,12085,2018-11-30,50-0131,11,REPAIRED 48 X 45,$3,$33
MARK PENOSKE,12085,2018-11-30,50-0006,1,REPAIRED 48 X 40 2/WAY FLUSH,$2.25,$2.25
MARK PENOSKE,12085,2018-11-30,50-0019,7,REPAIRED 42 X 42,$3,$21
MARK PENOSKE,12085,2018-11-30,50-0179,5,REPAIRED 40 X 40,$2,$10
MARK PENOSKE,12085,2018-11-30,50-0025,4,REPAIRED 30 X 30,$2,$8
MARK PENOSKE,12085,2018-11-30,50-0101,3,REPAIRED 32 X 32 2/WAY FLUSH,$2,$6
MARK PENOSKE,12085,2018-11-30,55-6787,2,REMAN 44 X 44 2/WAY FLUSH,$3,$6
MARK PENOSKE,12085,2018-12-08,50-0004,18,REPAIRED 48 X 40 4/WAY FLUSH (GRADE B - PLUGGED),$3,$54
MARK PENOSKE,12085,2018-12-08,50-0009,18,REPAIRED 48 X 42,$3,$54
MARK PENOSKE,12085,2018-12-08,50-0019,1,REPAIRED 42 X 42,$3,$3
MARK PENOSKE,12085,2018-12-08,50-0179,3,REPAIRED 40 X 40,$3,$9
MARK PENOSKE,12085,2018-12-17,50-0131,6,REPAIRED 48 X 45,$3,$18
MARK PENOSKE,12085,2018-12-17,50-0101,2,REPAIRED 32 X 32 2/WAY FLUSH,$2,$4
MARK PENOSKE,12085,2018-12-17,50-0025,6,REPAIRED 30 X 30,$2,$12
MARK PENOSKE,12085,2018-12-17,55-6787,2,REMAN 44 X 44 2/WAY FLUSH,$3,$6
MARK PENOSKE,12085,2018-12-17,50-0001,19,REPAIRED 48 X 40 4/WAY FLUSH (GRADE A),$3,$57
MARK PENOSKE,12085,2018-12-17,50-0004,8,REPAIRED 48 X 40 4/WAY FLUSH (GRADE B - PLUGGED),$3,$24
MARK PENOSKE,12085,2018-12-27,50-0131,20,REPAIRED 48 X 45,$3,$60
MARK PENOSKE,12085,2018-12-27,50-0001,9,REPAIRED 48 X 40 4/WAY FLUSH (GRADE A),$3,$27
MARK PENOSKE,12085,2018-12-27,55-6787,3,REMAN 44 X 44 2/WAY FLUSH,$3,$9
MARK PENOSKE,12085,2018-12-27,50-0101,1,REPAIRED 32 X 32 2/WAY FLUSH,$2,$2
MARK PENOSKE,12085,2018-12-27,50-0019,1,REPAIRED 42 X 42,$2,$2
MARK PENOSKE,12085,2019-01-03,50-0004,22,REPAIRED 48 X 40 4/WAY FLUSH (GRADE B - PLUGGED),$3,$66
MARK PENOSKE,12085,2019-01-03,50-0131,14,REPAIRED 48 X 45,$3,$42
MARK PENOSKE,12085,2019-01-03,50-0179,2,REPAIRED 40 X 40,$3,$6
MARK PENOSKE,12085,2019-01-03,50-0101,1,REPAIRED 32 X 32 2/WAY FLUSH,$2,$2
MARK PENOSKE,12085,2019-01-03,50-0025,4,REPAIRED 30 X 30,$2,$8
MARK PENOSKE,12085,2019-01-11,50-0001,8,REPAIRED 48 X 40 4/WAY FLUSH (GRADE A),$3,$24
MARK PENOSKE,12085,2019-01-11,50-0004,8,REPAIRED 48 X 40 4/WAY FLUSH (GRADE B - PLUGGED),$3,$24
MARK PENOSKE,12085,2019-01-11,50-0009,5,REPAIRED 48 X 42,$3,$15
MARK PENOSKE,12085,2019-01-11,50-0131,12,REPAIRED 48 X 45,$3,$36
MARK PENOSKE,12085,2019-01-11,50-0025,7,REPAIRED 30 X 30,$2,$14
MARK PENOSKE,12085,2019-01-11,50-0179,4,REPAIRED 40 X 40,$3,$12
MARK PENOSKE,12085,2019-01-11,50-0019,2,REPAIRED 42 X 42,$2,$4
MARK PENOSKE,12085,2019-01-23,50-0001,6,REPAIRED 48 X 40 4/WAY FLUSH (GRADE A),$3,$18
MARK PENOSKE,12085,2019-01-23,50-0019,6,REPAIRED 42 X 42,$2,$12
MARK PENOSKE,12085,2019-01-23,50-0101,4,REPAIRED 32 X 32 2/WAY FLUSH,$2,$8
MARK PENOSKE,12085,2019-01-23,50-0025,3,REPAIRED 30 X 30,$2,$6
MARK PENOSKE,12085,2019-01-23,50-0131,23,REPAIRED 48 X 45,$3,$69
MARK PENOSKE,12085,2019-01-23,50-0179,3,REPAIRED 40 X 40,$3,$9
MARK PENOSKE,12085,2019-02-06,50-0001,3,REPAIRED 48 X 40 4/WAY FLUSH (GRADE A),$3,$9
MARK PENOSKE,12085,2019-02-06,50-0009,2,REPAIRED 48 X 42,$3,$6
MARK PENOSKE,12085,2019-02-06,50-0131,34,REPAIRED 48 X 45,$3,$102
MARK PENOSKE,12085,2019-02-06,50-0019,2,REPAIRED 42 X 42,$2,$4
MARK PENOSKE,12085,2019-02-06,50-0101,2,REPAIRED 32 X 32 2/WAY FLUSH,$2,$4
MARK PENOSKE,12085,2019-02-06,50-0025,5,REPAIRED 30 X 30,$2,$10
MARK PENOSKE,12085,2019-02-06,50-0179,1,REPAIRED 40 X 40,$3,$3
MARK PENOSKE,12085,2019-02-06,50-0226,1,REPAIRED 36 X 36 2/WAY FLUSH,$3,$3
MASTER LOCK,,2019-01-07,50-0140,79,UNREPAIRED 48 X 40 CORES,$0,$0
MASTER LOCK,,2019-01-07,SCRAP-ONLY,46,SCRAP-ONLY (GL5327-2001),$0,$0
MASTER LOCK,,2019-01-16,SCRAP-ONLY,23,SCRAP-ONLY (GL5327-2001),$0,$0
MASTERLOCK,,2018-12-12,SCRAP-ONLY,35,SCRAP-ONLY (GL5327-2001),$0,$0
MASTERLOCK,,2018-12-20,50-0140,84,UNREPAIRED 48 X 40 CORES,$0,$0
MASTERLOCK,,2018-12-20,SCRAP-ONLY,32,SCRAP-ONLY (GL5327-2001),$0,$0
MASTERLOCK,,2019-01-07,50-0140,51,UNREPAIRED 48 X 40 CORES,$0,$0
MASTERLOCK,,2019-01-07,SCRAP-ONLY,20,SCRAP-ONLY (GL5327-2001),$0,$0
MASTERLOCK,,2019-01-14,50-0140,66,UNREPAIRED 48 X 40 CORES,$0,$0
MASTERLOCK,,2019-01-14,SCRAP-ONLY,26,SCRAP-ONLY (GL5327-2001),$0,$0
MASTERLOCK,,2019-01-23,50-0140,70,UNREPAIRED 48 X 40 CORES,$0,$0
MASTERLOCK,,2019-01-23,SCRAP-ONLY,20,SCRAP-ONLY (GL5327-2001),$0,$0
MASTERLOCK,,2019-02-06,50-0140,77,UNREPAIRED 48 X 40 CORES,$0,$0
MASTERLOCK,,2019-02-06,SCRAP-ONLY,28,SCRAP-ONLY (GL5327-2001),$0,$0
MASTERLOCK,,2019-02-06,CHEP,1,CHEP,$0,$0
MASTERS GALLERY FOODS INC,11819,2018-12-10,50-0140,475,UNREPAIRED 48 X 40 CORES,$3.6,$1710
MASTERS GALLERY FOODS INC,11819,2018-12-10,SCRAP-ONLY,17,SCRAP-ONLY (GL5327-2001),$0,$0
MASTERS GALLERY FOODS INC,11819,2019-01-31,50-0140,388,UNREPAIRED 48 X 40 CORES,$3.6,$1396.8
MASTERS GALLERY FOODS INC,11819,2019-01-31,SCRAP-ONLY,10,SCRAP-ONLY (GL5327-2001),$0,$0
MCA RECYCLING PALLETS LLC,12023,2018-12-11,50-0001,240,REPAIRED 48 X 40 4/WAY FLUSH (GRADE A),$5.5,$1320
MCA RECYCLING PALLETS LLC,12023,2018-12-11,50-0004,200,REPAIRED 48 X 40 4/WAY FLUSH (GRADE B - PLUGGED),$4.5,$900
MCA RECYCLING PALLETS LLC,12023,2018-12-11,50-0025,200,REPAIRED 30 X 30,$2.81,$562
MCA RECYCLING PALLETS LLC,12023,2018-12-20,50-0001,240,REPAIRED 48 X 40 4/WAY FLUSH (GRADE A),$5.5,$1320
MCA RECYCLING PALLETS LLC,12023,2018-12-20,50-0004,180,REPAIRED 48 X 40 4/WAY FLUSH (GRADE B - PLUGGED),$4.5,$810
MCA RECYCLING PALLETS LLC,12023,2018-12-20,50-0025,200,REPAIRED 30 X 30,$2.81,$562
MCA RECYCLING PALLETS LLC,12023,2018-12-27,50-0001,240,REPAIRED 48 X 40 4/WAY FLUSH (GRADE A),$5.5,$1320
MCA RECYCLING PALLETS LLC,12023,2018-12-27,50-0004,198,REPAIRED 48 X 40 4/WAY FLUSH (GRADE B - PLUGGED),$4.5,$891
MCA RECYCLING PALLETS LLC,12023,2018-12-27,50-0101,200,REPAIRED 32 X 32 2/WAY FLUSH,$2.81,$562
MCA RECYCLING PALLETS LLC,12023,2018-12-28,50-0004,199,REPAIRED 48 X 40 4/WAY FLUSH (GRADE B - PLUGGED),$4.5,$895.5
MCA RECYCLING PALLETS LLC,12023,2018-12-28,50-0001,240,REPAIRED 48 X 40 4/WAY FLUSH (GRADE A),$5.5,$1320
MCA RECYCLING PALLETS LLC,12023,2018-12-28,50-0025,81,REPAIRED 30 X 30,$2.81,$227.61
MCA RECYCLING PALLETS LLC,12023,2018-12-28,50-0101,80,REPAIRED 32 X 32 2/WAY FLUSH,$2.81,$224.8
MCA RECYCLING PALLETS LLC,12023,2019-01-01,50-0001,240,REPAIRED 48 X 40 4/WAY FLUSH (GRADE A),$5.5,$1320
MCA RECYCLING PALLETS LLC,12023,2019-01-01,50-0004,200,REPAIRED 48 X 40 4/WAY FLUSH (GRADE B - PLUGGED),$4.5,$900
MCA RECYCLING PALLETS LLC,12023,2019-01-01,50-0101,120,REPAIRED 32 X 32 2/WAY FLUSH,$2.81,$337.2
MCA RECYCLING PALLETS LLC,12023,2019-01-01,50-0025,80,REPAIRED 30 X 30,$2.81,$224.8
MCA RECYCLING PALLETS LLC,12023,2019-01-03,50-0004,180,REPAIRED 48 X 40 4/WAY FLUSH (GRADE B - PLUGGED),$4.5,$810
MCA RECYCLING PALLETS LLC,12023,2019-01-03,50-0001,340,REPAIRED 48 X 40 4/WAY FLUSH (GRADE A),$5.5,$1870
MCA RECYCLING PALLETS LLC,12023,2019-01-03,SCRAP-ONLY,1,SCRAP-ONLY (GL5327-2001),$0,$0
MCA RECYCLING PALLETS LLC,12023,2019-01-15,50-0001,380,REPAIRED 48 X 40 4/WAY FLUSH (GRADE A),$5.5,$2090
MCA RECYCLING PALLETS LLC,12023,2019-01-15,50-0025,200,REPAIRED 30 X 30,$2.81,$562
MCA RECYCLING PALLETS LLC,12023,2019-01-23,50-0001,400,REPAIRED 48 X 40 4/WAY FLUSH (GRADE A),$5.5,$2200
MCA RECYCLING PALLETS LLC,12023,2019-01-23,50-0025,40,REPAIRED 30 X 30,$2.81,$112.4
MCA RECYCLING PALLETS LLC,12023,2019-01-23,50-0101,160,REPAIRED 32 X 32 2/WAY FLUSH,$2.81,$449.6
MCA RECYCLING PALLETS LLC,12023,2019-01-23,DEDUCTION,1,ADVANCE,$200,$200
MCA RECYCLING PALLETS LLC,12023,2019-01-24,55-6787,100,REMAN 44 X 44 2/WAY FLUSH,$4,$400
MCA RECYCLING PALLETS LLC,12023,2019-01-24,50-0001,400,REPAIRED 48 X 40 4/WAY FLUSH (GRADE A),$5.5,$2200
MCA RECYCLING PALLETS LLC,12023,2019-01-31,50-0001,400,REPAIRED 48 X 40 4/WAY FLUSH (GRADE A),$5.5,$2200
MCA RECYCLING PALLETS LLC,12023,2019-01-31,55-6787,40,REMAN 44 X 44 2/WAY FLUSH,$4.5,$180
MCA RECYCLING PALLETS LLC,12023,2019-01-31,DEDUCTION,1,ADVANCE,$200,$200
MCA RECYCLING PALLETS LLC,12023,2019-02-06,50-0001,380,REPAIRED 48 X 40 4/WAY FLUSH (GRADE A),$5.5,$2090
MCA RECYCLING PALLETS LLC,12023,2019-02-06,55-6787,60,REMAN 44 X 44 2/WAY FLUSH,$4.5,$270
MESSOR CUTTING SYSTEMS ,0,2018-12-06,50-0140,55,UNREPAIRED 48 X 40 CORES,$0,$0
MESSOR CUTTING SYSTEMS ,0,2018-12-06,SCRAP-ONLY,10,SCRAP-ONLY (GL5327-2001),$0,$0
NCL GRAPHICS,0,2019-01-15,CHEP,7,CHEP,$0,$0
NCL GRAPHICS,0,2019-01-15,SCRAP-ONLY,4,SCRAP-ONLY (GL5327-2001),$0,$0
NCL GRAPHICS,0,2019-01-15,40-00022,7,42" RECLAIM STRINGERS ,$0,$0
NCL GRAPHICS,0,2019-02-07,SCRAP-DENAIL,38,SCRAP-DENAIL (GL5327-2001),$0,$0
OCONOMOWOC MANUFACTURING ,12143,2018-12-14,50-0140,187,UNREPAIRED 48 X 40 CORES,$3.5,$654.5
OCONOMOWOC MANUFACTURING ,12143,2018-12-14,SCRAP-ONLY,19,SCRAP-ONLY (GL5327-2001),$0,$0
OCONOMOWOC MANUFACTURING ,12143,2018-12-14,36x36,37,CUSTOM,$2,$74
OCONOMOWOC MANUFACTURING ,12143,2018-12-14,CHEP,1,CHEP,$0,$0
PACKAGING LOGISTICS LLC,12008,2018-12-05,50-0004,280,REPAIRED 48 X 40 4/WAY FLUSH (GRADE B - PLUGGED),$4.5,$1260
PACKAGING LOGISTICS LLC,12008,2018-12-05,50-0001,200,REPAIRED 48 X 40 4/WAY FLUSH (GRADE A),$5.5,$1100
PACKAGING LOGISTICS LLC,12008,2018-12-08,50-0226,340,REPAIRED 36 X 36 2/WAY FLUSH,$3,$1020
PACKAGING LOGISTICS LLC,12008,2018-12-08,50-0001,20,REPAIRED 48 X 40 4/WAY FLUSH (GRADE A),$5.5,$110
PACKAGING LOGISTICS LLC,12008,2018-12-08,50-0004,200,REPAIRED 48 X 40 4/WAY FLUSH (GRADE B - PLUGGED),$4.5,$900
PACKAGING LOGISTICS LLC,12008,2019-01-07,50-0226,240,REPAIRED 36 X 36 2/WAY FLUSH,$3,$720
PACKAGING LOGISTICS LLC,12008,2019-01-07,50-0001,160,REPAIRED 48 X 40 4/WAY FLUSH (GRADE A),$6,$960
PACKAGING LOGISTICS LLC,12008,2019-01-07,50-0004,160,REPAIRED 48 X 40 4/WAY FLUSH (GRADE B - PLUGGED),$4.5,$720
PACKAGING LOGISTICS LLC,12008,2019-01-10,50-0001,80,REPAIRED 48 X 40 4/WAY FLUSH (GRADE A),$6,$480
PACKAGING LOGISTICS LLC,12008,2019-01-10,50-0226,160,REPAIRED 36 X 36 2/WAY FLUSH,$3,$480
PACKAGING LOGISTICS LLC,12008,2019-01-15,50-0226,160,REPAIRED 36 X 36 2/WAY FLUSH,$3,$480
PACKAGING LOGISTICS LLC,12008,2019-01-15,50-0004,160,REPAIRED 48 X 40 4/WAY FLUSH (GRADE B - PLUGGED),$4.5,$720
PACKAGING LOGISTICS LLC,12008,2019-01-15,50-0001,197,REPAIRED 48 X 40 4/WAY FLUSH (GRADE A),$6,$1182
PACKAGING LOGISTICS LLC,12008,2019-01-25,50-0001,480,REPAIRED 48 X 40 4/WAY FLUSH (GRADE A),$6,$2880
PACKAGING LOGISTICS LLC,12008,2019-01-25,50-0001,280,REPAIRED 48 X 40 4/WAY FLUSH (GRADE A),$6,$1680
PACKAGING LOGISTICS LLC,12008,2019-01-25,50-0226,240,REPAIRED 36 X 36 2/WAY FLUSH,$3,$720
PACKAGING LOGISTICS LLC,12008,2019-01-31,50-0001,480,REPAIRED 48 X 40 4/WAY FLUSH (GRADE A),$6,$2880
PACKAGING LOGISTICS LLC,12008,2019-02-06,50-0001,204,REPAIRED 48 X 40 4/WAY FLUSH (GRADE A),$6,$1224
PACKAGING LOGISTICS LLC,12008,2019-02-06,DEDUCTION,1,ADVANCE,$-200,$-200
PACKAGING LOGISTICS LLC,12008,2019-02-06,50-0001,80,REPAIRED 48 X 40 4/WAY FLUSH (GRADE A),$6,$480
PACKAGING LOGISTICS LLC,12008,2019-02-06,50-0004,80,REPAIRED 48 X 40 4/WAY FLUSH (GRADE B - PLUGGED),$4.5,$360
PACKAGING LOGISTICS LLC,12008,2019-02-06,50-0226,480,REPAIRED 36 X 36 2/WAY FLUSH,$3,$1440
PALERMO VILLA INC,1758,2018-11-28,50-0140,414,UNREPAIRED 48 X 40 CORES,$4.2,$1738.8
PALERMO VILLA INC,1758,2018-11-28,SCRAP-ONLY,22,SCRAP-ONLY,$0,$0
PALERMO VILLA INC,1758,2018-11-29,50-0140,403,UNREPAIRED 48 X 40 CORES,$4.2,$1692.6
PALERMO VILLA INC,1758,2018-11-29,SCRAP-ONLY,69,SCRAP-ONLY (GL5327-2001),$0,$0
PALERMO VILLA INC,1758,2018-11-30,50-0140,343,UNREPAIRED 48 X 40 CORES,$4.2,$1440.6
PALERMO VILLA INC,1758,2018-11-30,SCRAP-ONLY,19,SCRAP-ONLY,$0,$0
PALERMO VILLA INC,1758,2018-12-05,50-0140,406,UNREPAIRED 48 X 40 CORES,$4.2,$1705.2
PALERMO VILLA INC,1758,2018-12-05,SCRAP-ONLY,47,SCRAP-ONLY (GL5327-2001),$0,$0
PALERMO VILLA INC,1758,2018-12-07,50-0140,402,UNREPAIRED 48 X 40 CORES,$4.2,$1688.4
PALERMO VILLA INC,1758,2018-12-07,SCRAP-ONLY,19,SCRAP-ONLY (GL5327-2001),$0,$0
PALERMO VILLA INC,1758,2018-12-12,50-0140,300,UNREPAIRED 48 X 40 CORES,$4.2,$1260
PALERMO VILLA INC,1758,2018-12-12,SCRAP-ONLY,28,SCRAP-ONLY (GL5327-2001),$0,$0
PALERMO VILLA INC,1758,2018-12-17,50-0140,435,UNREPAIRED 48 X 40 CORES,$4.2,$1827
PALERMO VILLA INC,1758,2018-12-17,SCRAP-ONLY,48,SCRAP-ONLY (GL5327-2001),$0,$0
PALERMO VILLA INC,1758,2018-12-21,50-0140,433,UNREPAIRED 48 X 40 CORES,$4.2,$1818.6
PALERMO VILLA INC,1758,2018-12-21,SCRAP-ONLY,35,SCRAP-ONLY (GL5327-2001),$0,$0
PALERMO VILLA INC,1758,2019-01-02,50-0140,402,UNREPAIRED 48 X 40 CORES,$4.2,$1688.4
PALERMO VILLA INC,1758,2019-01-02,SCRAP-ONLY,59,SCRAP-ONLY (GL5327-2001),$0,$0
PALERMO VILLA INC,1758,2019-01-08,50-0140,475,UNREPAIRED 48 X 40 CORES,$4.2,$1995
PALERMO VILLA INC,1758,2019-01-08,SCRAP-ONLY,49,SCRAP-ONLY (GL5327-2001),$0,$0
PALERMO VILLA INC,1758,2019-01-08,SCRAP-BURN,2,SCRAP-BURN,$0,$0
PALERMO VILLA INC,1758,2019-01-14,50-0140,293,UNREPAIRED 48 X 40 CORES,$4.2,$1230.6
PALERMO VILLA INC,1758,2019-01-14,SCRAP-ONLY,49,SCRAP-ONLY (GL5327-2001),$0,$0
PALERMO VILLA INC,1758,2019-01-15,50-0140,470,UNREPAIRED 48 X 40 CORES,$4.2,$1974
PALERMO VILLA INC,1758,2019-01-15,SCRAP-ONLY,63,SCRAP-ONLY (GL5327-2001),$0,$0
PALERMO VILLA INC,1758,2019-01-17,50-0140,454,UNREPAIRED 48 X 40 CORES,$4.2,$1906.8
PALERMO VILLA INC,1758,2019-01-17,SCRAP-ONLY,32,SCRAP-ONLY (GL5327-2001),$0,$0
PALERMO VILLA INC,1758,2019-01-22,50-0140,479,UNREPAIRED 48 X 40 CORES,$4.2,$2011.8
PALERMO VILLA INC,1758,2019-01-24,50-0140,456,UNREPAIRED 48 X 40 CORES,$4.2,$1915.2
PALERMO VILLA INC,1758,2019-01-31,50-0140,480,UNREPAIRED 48 X 40 CORES,$4.2,$2016
PALERMO VILLA INC,1758,2019-01-31,SCRAP-ONLY,43,SCRAP-ONLY (GL5327-2001),$0,$0
PALERMO VILLA INC,1758,2019-02-06,50-0140,455,UNREPAIRED 48 X 40 CORES,$4.2,$1911
PALERMO VILLA INC,1758,2019-02-06,SCRAP-ONLY,33,SCRAP-ONLY (GL5327-2001),$0,$0
PATRICK'S PALLET PICKUP LLC,2913,2018-12-17,50-0001,240,REPAIRED 48 X 40 4/WAY FLUSH (GRADE A),$5.6,$1344
PATRICK'S PALLET PICKUP LLC,2913,2018-12-17,DEDUCTION,1,ADVANCE,$-1344,$-1344
PATRICK'S PALLET PICKUP LLC,2913,2018-12-18,50-0001,119,REPAIRED 48 X 40 4/WAY FLUSH (GRADE A),$5.55,$660.45
PATRICK'S PALLET PICKUP LLC,2913,2018-12-18,50-0004,1,REPAIRED 48 X 40 4/WAY FLUSH (GRADE B - PLUGGED),$4.6,$4.6
PATRICK'S PALLET PICKUP LLC,2913,2018-12-18,50-0019,120,REPAIRED 42 X 42,$3.5,$420
PATRICK'S PALLET PICKUP LLC,2913,2018-12-18,DEDUCTION,2,BOX OF NAILS,$43,$86
PROSSER PALLETS LLC,256,2018-12-19,50-0001,20,REPAIRED 48 X 40 4/WAY FLUSH (GRADE A),$5.25,$105
PROSSER PALLETS LLC,256,2018-12-19,50-0025,8,REPAIRED 30 X 30,$2.25,$18
PROSSER PALLETS LLC,256,2018-12-19,50-0101,28,REPAIRED 32 X 32 2/WAY FLUSH,$2.25,$63
PROSSER PALLETS LLC,256,2018-12-19,50-0165,40,REPAIRED 48 X 36,$2.75,$110
PROSSER PALLETS LLC,256,2018-12-19,55-6787,18,REMAN 44 X 44 2/WAY FLUSH,$3.25,$58.5
PROSSER PALLETS LLC,256,2018-12-19,50-0283,13,REPAIRED 40-48 X 40-48 BRADLEY,$3.25,$42.25
PROSSER PALLETS LLC,256,2018-12-19,50-0019,60,REPAIRED 42 X 42,$3,$180
PROSSER PALLETS LLC,256,2018-12-19,50-0226,120,REPAIRED 36 X 36 2/WAY FLUSH,$2.75,$330
PROSSER PALLETS LLC,256,2018-12-19,50-0179,30,REPAIRED 40 X 40,$2.75,$82.5
PROSSER PALLETS LLC,256,2019-02-06,69-0084,60,REMAN 42 X 42,$3.5,$210
PROSSER PALLETS LLC,256,2019-02-06,50-0016,20,REPAIRED 48 X 48,$4,$80
PROSSER PALLETS LLC,256,2019-02-06,50-0001,60,REPAIRED 48 X 40 4/WAY FLUSH (GRADE A),$5.5,$330
PROSSER PALLETS LLC,256,2019-02-06,50-0226,80,REPAIRED 36 X 36 2/WAY FLUSH,$3,$240
PROSSER PALLETS LLC,256,2019-02-06,50-0179,20,REPAIRED 40 X 40,$3.25,$65
PROSSER PALLETS LLC,256,2019-02-06,50-0165,80,REPAIRED 48 X 36,$3.25,$260
RAM RECYCLING ,12162,2019-02-06,50-0140,1,UNREPAIRED 48 X 40 CORES,$0,$0
RAM RECYCLING ,12162,2019-02-07,50-0140,167,UNREPAIRED 48 X 40 CORES,$3.5,$584.5
RAM RECYCLING ,12162,2019-02-07,SCRAP-ONLY,57,SCRAP-ONLY (GL5327-2001),$0,$0
RAM RECYCLING ,12162,2019-02-07,CHEP,19,CHEP,$0,$0
RANDY MILLER ,12150,2019-01-21,50-0140,166,UNREPAIRED 48 X 40 CORES,$3,$498
RANDY MILLER ,12150,2019-01-21,SCRAP-DENAIL,216,SCRAP-DENAIL (GL5327-2001),$1,$216
RANDY MILLER ,12150,2019-01-21,50-0283,87,REPAIRED 40-48 X 40-48 BRADLEY,$2,$174
RANDY MILLER ,12150,2019-02-08,50-0140,73,UNREPAIRED 48 X 40 CORES,$3,$219
RANDY MILLER ,12150,2019-02-08,SCRAP-DENAIL,31,SCRAP-DENAIL (GL5327-2001),$1,$31
RANDY MILLER ,12150,2019-02-08,SCRAP-ONLY,28,SCRAP-ONLY (GL5327-2001),$0,$0
REGAL WARE,,2018-12-19,50-0140,7,UNREPAIRED 48 X 40 CORES,$0,$0
REGAL WARE,,2018-12-19,SCRAP-ONLY,6,SCRAP-ONLY (GL5327-2001),$0,$0
REXNORD,,2019-01-20,SCRAP-DENAIL,50,SCRAP-DENAIL (GL5327-2001),$0,$0
RICHARD & SONS INC DBA MEURER BROTHERS BAKERY,12054,2018-12-04,50-0140,84,UNREPAIRED 48 X 40 CORES,$1,$84
RICHARD & SONS INC DBA MEURER BROTHERS BAKERY,12054,2018-12-04,SCRAP-ONLY,2,SCRAP-ONLY (GL5327-2001),$0,$0
RICHARD & SONS INC DBA MEURER BROTHERS BAKERY,12054,2019-01-14,50-0140,224,UNREPAIRED 48 X 40 CORES,$1,$224
RICHARD & SONS INC DBA MEURER BROTHERS BAKERY,12054,2019-02-04,50-0140,104,UNREPAIRED 48 X 40 CORES,$1,$104
RICHARD & SONS INC DBA MEURER BROTHERS BAKERY,12054,2019-02-04,SCRAP-ONLY,12,SCRAP-ONLY (GL5327-2001),$0,$0
RICHARD & SONS INC DBA MEURER BROTHERS BAKERY,12054,2019-02-04,CHEP,2,CHEP,$0,$0
RILEY PALLET ,12139,2018-12-06,50-0001,20,REPAIRED 48 X 40 4/WAY FLUSH (GRADE A),$5.5,$110
RILEY PALLET ,12139,2018-12-06,50-0004,4,REPAIRED 48 X 40 4/WAY FLUSH (GRADE B - PLUGGED),$4.5,$18
RILEY PALLET ,12139,2018-12-06,50-0140,1,UNREPAIRED 48 X 40 CORES,$3,$3
RILEY PALLET ,12139,2018-12-06,50-0226,1,REPAIRED 36 X 36 2/WAY FLUSH,$2.75,$2.75
RILEY PALLET ,12139,2018-12-14,50-0001,10,REPAIRED 48 X 40 4/WAY FLUSH (GRADE A),$5.5,$55
RILEY PALLET ,12139,2018-12-14,50-0004,13,REPAIRED 48 X 40 4/WAY FLUSH (GRADE B - PLUGGED),$4.5,$58.5
RILEY PALLET ,12139,2018-12-14,50-0140,1,UNREPAIRED 48 X 40 CORES,$3,$3
RILEY PALLET ,12139,2018-12-18,50-0001,8,REPAIRED 48 X 40 4/WAY FLUSH (GRADE A),$5.5,$44
RILEY PALLET ,12139,2018-12-18,50-0004,11,REPAIRED 48 X 40 4/WAY FLUSH (GRADE B - PLUGGED),$4.5,$49.5
RILEY PALLET ,12139,2018-12-18,50-0140,4,UNREPAIRED 48 X 40 CORES,$3,$12
RILEY PALLET ,12139,2019-01-20,50-0001,15,REPAIRED 48 X 40 4/WAY FLUSH (GRADE A),$5.5,$82.5
RILEY PALLET ,12139,2019-01-20,50-0140,7,UNREPAIRED 48 X 40 CORES,$3,$21
RILEY PALLET ,12139,2019-01-20,50-0004,4,REPAIRED 48 X 40 4/WAY FLUSH (GRADE B - PLUGGED),$4.5,$18
RILEY PALLET ,12139,2019-02-07,50-0001,47,REPAIRED 48 X 40 4/WAY FLUSH (GRADE A),$5.5,$258.5
RILEY PALLET ,12139,2019-02-07,50-0004,73,REPAIRED 48 X 40 4/WAY FLUSH (GRADE B - PLUGGED),$4.5,$328.5
RJ SCHINNER,2706,2018-11-30,50-0140,329,UNREPAIRED 48 X 40 CORES,$2.5,$822.5
RJ SCHINNER,2706,2018-11-30,SCRAP-ONLY,152,SCRAP-ONLY (GL5327-2001),$0,$0
RJ SCHINNER,2706,2019-01-31,50-0140,361,UNREPAIRED 48 X 40 CORES,$2.5,$902.5
RJ SCHINNER,2706,2019-01-31,SCRAP-ONLY,78,SCRAP-ONLY (GL5327-2001),$0,$0
ROBBINS RESOURCE MANAGEMENT INC.,1313,2018-12-11,40-00022,5280,42" RECLAIM STRINGERS ,$0,$0
ROBBINS RESOURCE MANAGEMENT INC.,1313,2018-12-11,40-00024,12000,40" RECLAIM BOARDS ,$0,$0
ROBBINS RESOURCE MANAGEMENT INC.,1313,2018-12-11,40-00024,10800,40" RECLAIM BOARDS ,$0,$0
ROBBINS RESOURCE MANAGEMENT INC.,1313,2018-12-11,40-00022,5808,42" RECLAIM STRINGERS ,$0,$0
RUSSELL J. REYSEN,1053,2018-11-28,50-0140,14,UNREPAIRED 48 X 40 CORES,$2.25,$31.5
RUSSELL J. REYSEN,1053,2018-11-28,50-0001,14,REPAIRED 48 X 40 4/WAY FLUSH (GRADE A),$5.25,$73.5
RUSSELL J. REYSEN,1053,2018-11-28,50-0004,14,REPAIRED 48 X 40 4/WAY FLUSH (GRADE B - PLUGGED),$4,$56
RUSSELL J. REYSEN,1053,2018-11-28,SCRAP-DENAIL,75,SCRAP-DENAIL,$1.5,$112.5
RUSSELL J. REYSEN,1053,2018-11-28,50-0165,1,REPAIRED 48 X 36,$2,$2
RUSSELL J. REYSEN,1053,2018-12-06,50-0140,22,UNREPAIRED 48 X 40 CORES,$2.25,$49.5
RUSSELL J. REYSEN,1053,2018-12-06,50-0001,7,REPAIRED 48 X 40 4/WAY FLUSH (GRADE A),$5.25,$36.75
RUSSELL J. REYSEN,1053,2018-12-06,50-0004,15,REPAIRED 48 X 40 4/WAY FLUSH (GRADE B - PLUGGED),$4,$60
RUSSELL J. REYSEN,1053,2018-12-06,50-0283,6,REPAIRED 40-48 X 40-48 BRADLEY,$2,$12
RUSSELL J. REYSEN,1053,2018-12-06,50-0019,10,REPAIRED 42 X 42,$2.5,$25
RUSSELL J. REYSEN,1053,2018-12-06,50-0179,16,REPAIRED 40 X 40,$2.25,$36
RUSSELL J. REYSEN,1053,2018-12-06,55-6787,8,REMAN 44 X 44 2/WAY FLUSH,$3,$24
RUSSELL J. REYSEN,1053,2018-12-06,SCRAP-DENAIL,46,SCRAP-DENAIL (GL5327-2001),$1.5,$69
RUSSELL J. REYSEN,1053,2018-12-10,50-0140,30,UNREPAIRED 48 X 40 CORES,$2.25,$67.5
RUSSELL J. REYSEN,1053,2018-12-10,50-0001,14,REPAIRED 48 X 40 4/WAY FLUSH (GRADE A),$5.25,$73.5
RUSSELL J. REYSEN,1053,2018-12-10,50-0004,21,REPAIRED 48 X 40 4/WAY FLUSH (GRADE B - PLUGGED),$4,$84
RUSSELL J. REYSEN,1053,2018-12-10,50-0226,10,REPAIRED 36 X 36 2/WAY FLUSH,$2.25,$22.5
RUSSELL J. REYSEN,1053,2018-12-10,50-0150,24,REPAIRED 48 X 48 HD (4/STRINGER BARREL SKID),$2.5,$60
RUSSELL J. REYSEN,1053,2018-12-10,SCRAP-DENAIL,16,SCRAP-DENAIL (GL5327-2001),$1.5,$24
RUSSELL J. REYSEN,1053,2018-12-19,50-0140,14,UNREPAIRED 48 X 40 CORES,$2.25,$31.5
RUSSELL J. REYSEN,1053,2018-12-19,50-0001,13,REPAIRED 48 X 40 4/WAY FLUSH (GRADE A),$5.25,$68.25
RUSSELL J. REYSEN,1053,2018-12-19,50-0004,14,REPAIRED 48 X 40 4/WAY FLUSH (GRADE B - PLUGGED),$4,$56
RUSSELL J. REYSEN,1053,2018-12-19,SCRAP-DENAIL,65,SCRAP-DENAIL (GL5327-2001),$1.5,$97.5
RUSSELL J. REYSEN,1053,2019-01-02,50-0140,16,UNREPAIRED 48 X 40 CORES,$2.25,$36
RUSSELL J. REYSEN,1053,2019-01-02,50-0001,13,REPAIRED 48 X 40 4/WAY FLUSH (GRADE A),$5.25,$68.25
RUSSELL J. REYSEN,1053,2019-01-02,50-0004,48,REPAIRED 48 X 40 4/WAY FLUSH (GRADE B - PLUGGED),$4,$192
RUSSELL J. REYSEN,1053,2019-01-02,50-0025,12,REPAIRED 30 X 30,$2,$24
RUSSELL J. REYSEN,1053,2019-01-02,50-0016,7,REPAIRED 48 X 48,$2.5,$17.5
RUSSELL J. REYSEN,1053,2019-01-02,50-0150,9,REPAIRED 48 X 48 HD (4/STRINGER BARREL SKID),$2.5,$22.5
RUSSELL J. REYSEN,1053,2019-01-02,SCRAP-DENAIL,18,SCRAP-DENAIL (GL5327-2001),$1.5,$27
RUSSELL J. REYSEN,1053,2019-01-02,50-0226,23,REPAIRED 36 X 36 2/WAY FLUSH,$2.25,$51.75
RUSSELL J. REYSEN,1053,2019-01-02,50-0179,5,REPAIRED 40 X 40,$2.25,$11.25
RUSSELL J. REYSEN,1053,2019-01-08,SCRAP-DENAIL,46,SCRAP-DENAIL (GL5327-2001),$1.5,$69
RUSSELL J. REYSEN,1053,2019-01-08,50-0150,7,REPAIRED 48 X 48 HD (4/STRINGER BARREL SKID),$2.5,$17.5
RUSSELL J. REYSEN,1053,2019-01-08,50-0016,5,REPAIRED 48 X 48,$2.5,$12.5
RUSSELL J. REYSEN,1053,2019-01-08,50-0019,6,REPAIRED 42 X 42,$2.5,$15
RUSSELL J. REYSEN,1053,2019-01-08,55-6787,5,REMAN 44 X 44 2/WAY FLUSH,$3,$15
RUSSELL J. REYSEN,1053,2019-01-08,50-0004,9,REPAIRED 48 X 40 4/WAY FLUSH (GRADE B - PLUGGED),$4,$36
RUSSELL J. REYSEN,1053,2019-01-08,50-0140,9,UNREPAIRED 48 X 40 CORES,$2.25,$20.25
RUSSELL J. REYSEN,1053,2019-01-08,50-0001,14,REPAIRED 48 X 40 4/WAY FLUSH (GRADE A),$5.25,$73.5
RUSSELL J. REYSEN,1053,2019-01-08,50-0226,14,REPAIRED 36 X 36 2/WAY FLUSH,$2.25,$31.5
RUSSELL J. REYSEN,1053,2019-01-08,50-0025,12,REPAIRED 30 X 30,$2,$24
RUSSELL J. REYSEN,1053,2019-01-14,SCRAP-DENAIL,14,SCRAP-DENAIL (GL5327-2001),$1.5,$21
RUSSELL J. REYSEN,1053,2019-01-14,50-0001,23,REPAIRED 48 X 40 4/WAY FLUSH (GRADE A),$5.25,$120.75
RUSSELL J. REYSEN,1053,2019-01-14,50-0140,34,UNREPAIRED 48 X 40 CORES,$2.25,$76.5
RUSSELL J. REYSEN,1053,2019-01-14,50-0004,46,REPAIRED 48 X 40 4/WAY FLUSH (GRADE B - PLUGGED),$4,$184
RUSSELL J. REYSEN,1053,2019-01-14,50-0150,10,REPAIRED 48 X 48 HD (4/STRINGER BARREL SKID),$2.5,$25
RUSSELL J. REYSEN,1053,2019-01-14,50-0009,3,REPAIRED 48 X 42,$2.5,$7.5
RUSSELL J. REYSEN,1053,2019-01-14,50-0226,12,REPAIRED 36 X 36 2/WAY FLUSH,$2.25,$27
RUSSELL J. REYSEN,1053,2019-01-20,50-0140,44,UNREPAIRED 48 X 40 CORES,$2.25,$99
RUSSELL J. REYSEN,1053,2019-01-20,50-0150,15,REPAIRED 48 X 48 HD (4/STRINGER BARREL SKID),$2.5,$37.5
RUSSELL J. REYSEN,1053,2019-01-20,SCRAP-DENAIL,7,SCRAP-DENAIL (GL5327-2001),$1.5,$10.5
RUSSELL J. REYSEN,1053,2019-01-20,50-0004,44,REPAIRED 48 X 40 4/WAY FLUSH (GRADE B - PLUGGED),$4,$176
RUSSELL J. REYSEN,1053,2019-01-20,50-0001,27,REPAIRED 48 X 40 4/WAY FLUSH (GRADE A),$5.25,$141.75
RUSSELL J. REYSEN,1053,2019-01-20,50-0006,3,REPAIRED 48 X 40 2/WAY FLUSH,$2.25,$6.75
RUSSELL J. REYSEN,1053,2019-02-04,SCRAP-DENAIL,13,SCRAP-DENAIL (GL5327-2001),$1.5,$19.5
RUSSELL J. REYSEN,1053,2019-02-04,50-0150,10,REPAIRED 48 X 48 HD (4/STRINGER BARREL SKID),$2.5,$25
RUSSELL J. REYSEN,1053,2019-02-04,50-0140,15,UNREPAIRED 48 X 40 CORES,$2.25,$33.75
RUSSELL J. REYSEN,1053,2019-02-04,50-0001,13,REPAIRED 48 X 40 4/WAY FLUSH (GRADE A),$5.25,$68.25
RUSSELL J. REYSEN,1053,2019-02-04,50-0004,15,REPAIRED 48 X 40 4/WAY FLUSH (GRADE B - PLUGGED),$4,$60
RUSSELL J. REYSEN,1053,2019-02-04,50-0226,9,REPAIRED 36 X 36 2/WAY FLUSH,$2.25,$20.25
RUSSELL J. REYSEN,1053,2019-02-04,50-0140,45,UNREPAIRED 48 X 40 CORES,$2.25,$101.25
RUSSELL J. REYSEN,1053,2019-02-04,50-0001,18,REPAIRED 48 X 40 4/WAY FLUSH (GRADE A),$5.25,$94.5
RUSSELL J. REYSEN,1053,2019-02-04,50-0004,26,REPAIRED 48 X 40 4/WAY FLUSH (GRADE B - PLUGGED),$4,$104
RUSSELL J. REYSEN,1053,2019-02-04,SCRAP-DENAIL,17,SCRAP-DENAIL (GL5327-2001),$1.5,$25.5
RUSSELL J. REYSEN,1053,2019-02-04,50-0150,13,REPAIRED 48 X 48 HD (4/STRINGER BARREL SKID),$2.5,$32.5
RUSSELL J. REYSEN,1053,2019-02-04,50-0226,12,REPAIRED 36 X 36 2/WAY FLUSH,$2.25,$27
SAMMIE S GINGERICH,12012,2018-12-18,50-0004,308,REPAIRED 48 X 40 4/WAY FLUSH (GRADE B - PLUGGED),$4.5,$1386
SAMMIE S GINGERICH,12012,2018-12-18,50-0001,220,REPAIRED 48 X 40 4/WAY FLUSH (GRADE A),$6,$1320
SAMMIE S GINGERICH,12012,2018-12-18,50-0283,80,REPAIRED 40-48 X 40-48 BRADLEY,$5.5,$440
SAMMIE S GINGERICH,12012,2019-01-07,50-0004,352,REPAIRED 48 X 40 4/WAY FLUSH (GRADE B - PLUGGED),$4.5,$1584
SAMMIE S GINGERICH,12012,2019-01-07,50-0001,264,REPAIRED 48 X 40 4/WAY FLUSH (GRADE A),$6,$1584
SAMMIE S GINGERICH,12012,2019-01-14,50-0001,418,REPAIRED 48 X 40 4/WAY FLUSH (GRADE A),$6,$2508
SAMMIE S GINGERICH,12012,2019-01-14,50-0004,198,REPAIRED 48 X 40 4/WAY FLUSH (GRADE B - PLUGGED),$4.5,$891
SHANE JORDAN,2149,2018-12-11,50-0016,40,REPAIRED 48 X 48,$3.75,$150
SHANE JORDAN,2149,2018-12-11,50-0165,160,REPAIRED 48 X 36,$3,$480
SHANE JORDAN,2149,2018-12-11,50-0179,40,REPAIRED 40 X 40,$3.5,$140
SHANE JORDAN,2149,2018-12-11,50-0009,80,REPAIRED 48 X 42,$3.35,$268
SHANE JORDAN,2149,2018-12-11,50-0226,160,REPAIRED 36 X 36 2/WAY FLUSH,$3,$480
SHANE JORDAN,2149,2019-01-07,50-0150,160,REPAIRED 48 X 48 HD (4/STRINGER BARREL SKID),$5,$800
SHANE JORDAN,2149,2019-01-07,50-0179,20,REPAIRED 40 X 40,$3.5,$70
SHANE JORDAN,2149,2019-01-07,50-0165,160,REPAIRED 48 X 36,$3,$480
SHANE JORDAN,2149,2019-01-07,50-0009,160,REPAIRED 48 X 42,$3.35,$536
SIGNICAST,0,2019-01-25,SCRAP-ONLY,265,SCRAP-ONLY (GL5327-2001),$0,$0
SIGNICAST,0,2019-02-06,SCRAP-ONLY,360,SCRAP-ONLY (GL5327-2001),$0,$0
SIGNICAST - MOD 7,,2018-12-04,SCRAP-DENAIL,287,SCRAP-DENAIL (GL5327-2001),$0,$0
SIGNICAST - MOD 7,,2018-12-04,SCRAP-ONLY,66,SCRAP-ONLY (GL5327-2001),$0,$0
SOLENIS LLC,2882,2019-01-09,50-0019,159,REPAIRED 42 X 42,$2,$318
SOLENIS LLC,2882,2019-01-09,50-0283,37,REPAIRED 40-48 X 40-48 BRADLEY,$2,$74
SOLENIS LLC,2882,2019-01-09,SCRAP-DENAIL,85,SCRAP-DENAIL (GL5327-2001),$1,$85
SOLENIS LLC,2882,2019-01-10,50-0019,159,REPAIRED 42 X 42,$2,$318
SOLENIS LLC,2882,2019-01-10,50-0283,37,REPAIRED 40-48 X 40-48 BRADLEY,$2,$74
SOLENIS LLC,2882,2019-01-10,SCRAP-DENAIL,85,SCRAP-DENAIL (GL5327-2001),$1,$85
SOLENIS LLC,2882,2019-01-22,50-0019,256,REPAIRED 42 X 42,$2,$512
SOLENIS LLC,2882,2019-01-22,SCRAP-DENAIL,220,SCRAP-DENAIL (GL5327-2001),$1,$220
SOLENIS LLC,2882,2019-01-22,50-0283,82,REPAIRED 40-48 X 40-48 BRADLEY,$2,$164
SOLID PRODUCTS INC,2317,2018-12-11,50-0140,4,UNREPAIRED 48 X 40 CORES,$1,$4
SOLID PRODUCTS INC,2317,2018-12-11,SCRAP-ONLY,28,SCRAP-ONLY (GL5327-2001),$1,$28
SOLID PRODUCTS INC,2317,2018-12-11,50-0394,80,REPAIRED 52 X 36 4/WAY FLUSH,$1,$80
SOLID PRODUCTS INC,2317,2018-12-11,SCRAP-DENAIL,20,SCRAP-DENAIL (GL5327-2001),$1,$20
STAC PALLET LLC,11901,2018-12-11,50-0001,220,REPAIRED 48 X 40 4/WAY FLUSH (GRADE A),$5.5,$1210
STAC PALLET LLC,11901,2018-12-11,50-0004,240,REPAIRED 48 X 40 4/WAY FLUSH (GRADE B - PLUGGED),$4.5,$1080
STAC PALLET LLC,11901,2018-12-11,50-0150,40,REPAIRED 48 X 48 HD (4/STRINGER BARREL SKID),$4.5,$180
STAC PALLET LLC,11901,2018-12-11,50-0016,40,REPAIRED 48 X 48,$4.5,$180
STAC PALLET LLC,11901,2018-12-12,50-0165,20,REPAIRED 48 X 36,$3,$60
STAC PALLET LLC,11901,2018-12-12,50-0226,20,REPAIRED 36 X 36 2/WAY FLUSH,$2.85,$57
STAC PALLET LLC,11901,2018-12-12,50-0006,40,REPAIRED 48 X 40 2/WAY FLUSH,$3.5,$140
STAC PALLET LLC,11901,2018-12-12,50-0019,100,REPAIRED 42 X 42,$3.85,$385
STAC PALLET LLC,11901,2018-12-12,55-6787,20,REMAN 44 X 44 2/WAY FLUSH,$4,$80
STAC PALLET LLC,11901,2018-12-12,50-0283,140,REPAIRED 40-48 X 40-48 BRADLEY,$2.9,$406
STAC PALLET LLC,11901,2018-12-12,50-0009,60,REPAIRED 48 X 42,$3,$180
STAC PALLET LLC,11901,2018-12-12,50-0066,90,REPAIRED 48 X 40 BLOCK PALLET,$3,$270
STAC PALLET LLC,11901,2018-12-12,50-0283,20,REPAIRED 40-48 X 40-48 BRADLEY,$4,$80
STAC PALLET LLC,11901,2018-12-12,50-0283,20,REPAIRED 40-48 X 40-48 BRADLEY,$3.5,$70
STAC PALLET LLC,11901,2018-12-12,50-0283,20,REPAIRED 40-48 X 40-48 BRADLEY,$3,$60
STAC PALLET LLC,11901,2019-01-14,55-6787,40,REMAN 44 X 44 2/WAY FLUSH,$4,$160
STAC PALLET LLC,11901,2019-01-14,50-0019,40,REPAIRED 42 X 42,$3.85,$154
STAC PALLET LLC,11901,2019-01-14,50-0004,100,REPAIRED 48 X 40 4/WAY FLUSH (GRADE B - PLUGGED),$4.5,$450
STAC PALLET LLC,11901,2019-01-14,50-0165,20,REPAIRED 48 X 36,$3,$60
STAC PALLET LLC,11901,2019-01-14,50-0001,80,REPAIRED 48 X 40 4/WAY FLUSH (GRADE A),$5.5,$440
STAC PALLET LLC,11901,2019-01-14,50-0016,20,REPAIRED 48 X 48,$4.5,$90
STAC PALLET LLC,11901,2019-01-14,50-0150,20,REPAIRED 48 X 48 HD (4/STRINGER BARREL SKID),$4.5,$90
STAC PALLET LLC,11901,2019-01-14,50-0283,120,REPAIRED 40-48 X 40-48 BRADLEY,$2.9,$348
STAC PALLET LLC,11901,2019-01-14,50-0006,60,REPAIRED 48 X 40 2/WAY FLUSH,$3.5,$210
STAC PALLET LLC,11901,2019-01-14,50-0066,36,REPAIRED 48 X 40 BLOCK PALLET,$3,$108
STAC PALLET LLC,11901,2019-01-31,50-0001,200,REPAIRED 48 X 40 4/WAY FLUSH (GRADE A),$5.75,$1150
STAC PALLET LLC,11901,2019-01-31,50-0226,20,REPAIRED 36 X 36 2/WAY FLUSH,$3,$60
STAC PALLET LLC,11901,2019-01-31,50-0004,120,REPAIRED 48 X 40 4/WAY FLUSH (GRADE B - PLUGGED),$4.5,$540
STAC PALLET LLC,11901,2019-01-31,50-0066,180,REPAIRED 48 X 40 BLOCK PALLET,$3.75,$675
STAC PALLET LLC,11901,2019-02-07,50-0001,79,REPAIRED 48 X 40 4/WAY FLUSH (GRADE A),$5.75,$454.25
STAC PALLET LLC,11901,2019-02-07,50-0004,41,REPAIRED 48 X 40 4/WAY FLUSH (GRADE B - PLUGGED),$4.5,$184.5
STAC PALLET LLC,11901,2019-02-07,50-0101,20,REPAIRED 32 X 32 2/WAY FLUSH,$3,$60
STAC PALLET LLC,11901,2019-02-07,50-0025,80,REPAIRED 30 X 30,$3,$240
STAC PALLET LLC,11901,2019-02-07,50-0006,20,REPAIRED 48 X 40 2/WAY FLUSH,$3.5,$70
STAC PALLET LLC,11901,2019-02-07,50-0009,100,REPAIRED 48 X 42,$3,$300
STAC PALLET LLC,11901,2019-02-07,50-0019,40,REPAIRED 42 X 42,$3.85,$154
STAC PALLET LLC,11901,2019-02-07,50-0283,120,REPAIRED 40-48 X 40-48 BRADLEY,$2.9,$348
STAC PALLET LLC,11901,2019-02-07,55-6787,40,REMAN 44 X 44 2/WAY FLUSH,$4,$160
STAC PALLET LLC,11901,2019-02-07,50-0283,20,REPAIRED 40-48 X 40-48 BRADLEY,$3,$60
SUSSEX IM INCORPORATED,2340,2018-12-08,SCRAP-ONLY,150,SCRAP-ONLY (GL5327-2001),$1,$150
SUSSEX IM INCORPORATED,2340,2018-12-12,SCRAP-ONLY,175,SCRAP-ONLY (GL5327-2001),$1,$175
SUSSEX IM INCORPORATED,2340,2018-12-14,SCRAP-ONLY,68,SCRAP-ONLY (GL5327-2001),$1,$68
SUSSEX IM INCORPORATED,2340,2018-12-19,SCRAP-DENAIL,123,SCRAP-DENAIL (GL5327-2001),$1,$123
SUSSEX IM INCORPORATED,2340,2019-01-08,SCRAP-DENAIL,150,SCRAP-DENAIL (GL5327-2001),$1,$150
SUSSEX IM INCORPORATED,2340,2019-01-11,SCRAP-DENAIL,144,SCRAP-DENAIL (GL5327-2001),$1,$144
SUSSEX IM INCORPORATED,2340,2019-01-14,SCRAP-DENAIL,96,SCRAP-DENAIL (GL5327-2001),$1,$96
SUSSEX IM INCORPORATED,2340,2019-01-17,SCRAP-ONLY,65,SCRAP-ONLY (GL5327-2001),$1,$65
SUSSEX IM INCORPORATED,2340,2019-01-22,SCRAP-DENAIL,111,SCRAP-DENAIL (GL5327-2001),$1,$111
SUSSEX IM INCORPORATED,2340,2019-02-04,SCRAP-ONLY,60,SCRAP-ONLY (GL5327-2001),$1,$60
SUSSEX IM INCORPORATED,2340,2019-02-07,SCRAP-DENAIL,180,SCRAP-DENAIL (GL5327-2001),$1,$180
TERRY BROESCH JR.,2327,2019-01-08,50-0004,18,REPAIRED 48 X 40 4/WAY FLUSH (GRADE B - PLUGGED),$4,$72
TERRY BROESCH JR.,2327,2019-01-08,50-0001,34,REPAIRED 48 X 40 4/WAY FLUSH (GRADE A),$5,$170
TERRY BROESCH JR.,2327,2019-01-08,50-0308,40,REPAIRED 48 X 40 4/WAY GMA,$5.75,$230
TERRY BROESCH JR.,2327,2019-01-08,50-0140,15,UNREPAIRED 48 X 40 CORES,$2.75,$41.25
TERRY BROESCH JR.,2327,2019-01-09,50-0140,10,UNREPAIRED 48 X 40 CORES,$2.75,$27.5
TERRY BROESCH JR.,2327,2019-01-09,50-0001,23,REPAIRED 48 X 40 4/WAY FLUSH (GRADE A),$5,$115
TERRY BROESCH JR.,2327,2019-01-09,50-0004,29,REPAIRED 48 X 40 4/WAY FLUSH (GRADE B - PLUGGED),$4,$116
TERRY BROESCH JR.,2327,2019-01-09,50-0308,42,REPAIRED 48 X 40 4/WAY GMA,$5.75,$241.5
TERRY BROESCH JR.,2327,2019-02-07,50-0004,105,REPAIRED 48 X 40 4/WAY FLUSH (GRADE B - PLUGGED),$4,$420
TERRY BROESCH JR.,2327,2019-02-07,50-0001,15,REPAIRED 48 X 40 4/WAY FLUSH (GRADE A),$5,$75
TERRY BROESCH JR.,2327,2019-02-07,50-0165,30,REPAIRED 48 X 36,$3.1,$93
TRITON CORPORATION,935,2018-12-14,50-0004,200,REPAIRED 48 X 40 4/WAY FLUSH (GRADE B - PLUGGED),$3,$600
TULIP,,2019-01-07,32x44,60,CUSTOM,$0,$0
VOLLRATH - FALLS,,2019-01-22,SCRAP-ONLY,52,SCRAP-ONLY (GL5327-2001),$0,$0
VOLLRATH - KEIL,,2018-11-28,50-0140,40,UNREPAIRED 48 X 40 CORES,$0,$0
VOLLRATH - KEIL,,2018-11-28,SCRAP-ONLY,8,SCRAP-ONLY,$0,$0
VOLLRATH - KEIL,,2018-12-05,50-0140,23,UNREPAIRED 48 X 40 CORES,$0,$0
VOLLRATH - KEIL,,2018-12-05,SCRAP-ONLY,14,SCRAP-ONLY (GL5327-2001),$0,$0
VOLLRATH - KEIL,,2018-12-13,50-0140,12,UNREPAIRED 48 X 40 CORES,$0,$0
VOLLRATH - KEIL,,2018-12-13,SCRAP-ONLY,6,SCRAP-ONLY (GL5327-2001),$0,$0
VOLLRATH - KEIL,,2018-12-19,50-0140,16,UNREPAIRED 48 X 40 CORES,$0,$0
VOLLRATH - KEIL,,2018-12-19,SCRAP-ONLY,15,SCRAP-ONLY (GL5327-2001),$0,$0
VOLLRATH - KEIL,,2019-01-16,SCRAP-ONLY,10,SCRAP-ONLY (GL5327-2001),$0,$0
VOLLRATH KEIL,,2019-01-22,50-0140,50,UNREPAIRED 48 X 40 CORES,$0,$0
WARREN INDUSTRIES INC ,2814,2018-12-06,50-0140,520,UNREPAIRED 48 X 40 CORES,$3.5,$1820
WARREN INDUSTRIES INC ,2814,2019-01-17,50-0140,475,UNREPAIRED 48 X 40 CORES,$3.5,$1662.5
WARREN INDUSTRIES INC ,2814,2019-01-17,SCRAP-ONLY,6,SCRAP-ONLY (GL5327-2001),$0,$0
WARREN INDUSTRIES INC ,2814,2019-02-07,50-0140,519,UNREPAIRED 48 X 40 CORES,$3.5,$1816.5
WARREN INDUSTRIES INC ,2814,2019-02-07,SCRAP-ONLY,2,SCRAP-ONLY (GL5327-2001),$0,$0
WEST BEND COMMERCIAL WARESHOUSE,,2019-01-23,50-0140,51,UNREPAIRED 48 X 40 CORES,$0,$0
WEST BEND COMMERCIAL WARESHOUSE,,2019-01-23,SCRAP-ONLY,394,SCRAP-ONLY (GL5327-2001),$0,$0
WEST BEND COMMERCIAL WARESHOUSE,,2019-01-23,CHEP,2,CHEP,$0,$0
WEST BEND ELEVATOR ,726,2019-01-22,50-0140,284,UNREPAIRED 48 X 40 CORES,$3.5,$994
WEST BEND ELEVATOR ,726,2019-01-22,SCRAP-ONLY,15,SCRAP-ONLY (GL5327-2001),$0,$0
WIS-PAK OF WATERTOWN,1735,2018-12-06,50-0140,347,UNREPAIRED 48 X 40 CORES,$2,$694
WIS-PAK OF WATERTOWN,1735,2018-12-06,SCRAP-ONLY,171,SCRAP-ONLY (GL5327-2001),$0,$0
WIS-PAK OF WATERTOWN,1735,2019-01-02,50-0140,332,UNREPAIRED 48 X 40 CORES,$2,$664
WIS-PAK OF WATERTOWN,1735,2019-01-02,SCRAP-ONLY,141,SCRAP-ONLY (GL5327-2001),$0,$0
WIS-PAK OF WATERTOWN,1735,2019-01-11,50-0140,388,UNREPAIRED 48 X 40 CORES,$2,$776
WIS-PAK OF WATERTOWN,1735,2019-01-11,SCRAP-ONLY,132,SCRAP-ONLY (GL5327-2001),$0,$0
WIS-PAK OF WATERTOWN,1735,2019-01-31,50-0140,377,UNREPAIRED 48 X 40 CORES,$2,$754
WIS-PAK OF WATERTOWN,1735,2019-01-31,SCRAP-ONLY,80,SCRAP-ONLY (GL5327-2001),$0,$0
